URL,Repo owner,Repo name,Issue #,Repo type,Research Prototype,Repo creation time,Issue creation time,Close Time,Label,Framework,Same Code?,Same Data?,DL Stage,Project Type,Reporter Type,Manifestation,Impact,Defect Type,Root Cause
https://github.com/chenyuntc/simple-faster-rcnn-pytorch/issues/42,chenyuntc,simple-faster-rcnn-pytorch,42,Solo Repository,No,2017-12-09T13:13:54Z,2018-05-07T14:29:50Z,149,question,pytorch,yes,Not mentioned,Environment,"User ""fork""",Re-user,Basic defects,Crash,External interface,API bugs: DL libraries
https://github.com/chenyuntc/simple-faster-rcnn-pytorch/issues/42,chenyuntc,simple-faster-rcnn-pytorch,42,Solo Repository,No,2017-12-09T13:13:54Z,2018-05-07T14:29:50Z,149,N/A,pytorch,yes,Not mentioned,Environment,"User ""fork""",Re-user,Basic defects,Crash,External interface,API bugs: DL libraries
https://github.com/endernewton/tf-faster-rcnn/issues/135,endernewton,tf-faster-rcnn,135,Solo Repository,No,2017-01-23T19:51:32Z,2017-06-15T06:27:15Z,142,N/A,Tensorflow,Yes,No,Training,"User ""fork""",Adaptor,Basic defects,Crash,Assignment/initialization,Hyperparameters
https://github.com/endernewton/tf-faster-rcnn/issues/160,endernewton,tf-faster-rcnn,160,Solo Repository,No,2017-01-23T19:51:32Z,2017-07-17T02:43:38Z,174,N/A,Tensorflow,Yes,Yes,Environment,"User ""fork""",Re-user,Basic defects,Crash,Internal interface,Other
https://github.com/endernewton/tf-faster-rcnn/issues/377,endernewton,tf-faster-rcnn,377,Solo Repository,No,2017-01-23T19:51:32Z,2018-08-07T11:16:12Z,560,N/A,Tensorflow,No,Not mentioned,Modeling,"User ""fork""",Enhancer,Basic defects,Crash,Assignment/initialization,Layer properties
https://github.com/endernewton/tf-faster-rcnn/issues/86,endernewton,tf-faster-rcnn,86,Solo Repository,No,2017-01-23T19:51:32Z,2017-05-12T05:55:04Z,108,N/A,Tensorflow,Yes,Yes,Environment,"User ""fork""",Re-user,Reproducibility defects,Numerical Instability,Internal interface,GPU Usage Bug
https://github.com/eriklindernoren/PyTorch-YOLOv3/issues/110,eriklindernoren,PyTorch-YOLOv3,110,Solo Repository,No,2018-05-21T16:05:55Z,2019-01-06T09:15:37Z,229,N/A,Pytorch,Yes,Yes,Data pipeline,"User ""fork""",Re-user,Basic defects,Crash,Assignment/initialization,Data preprocessing bugs
https://github.com/eriklindernoren/PyTorch-YOLOv3/issues/142,eriklindernoren,PyTorch-YOLOv3,142,Solo Repository,No,2018-05-21T16:05:55Z,2019-04-26T16:45:23Z,340,N/A,Pytorch,Yes,Yes,Environment,"User ""fork""",Re-user,Basic defects,Incorrect Functionality,External interface,API bugs: other
https://github.com/eriklindernoren/PyTorch-YOLOv3/issues/145,eriklindernoren,PyTorch-YOLOv3,145,Solo Repository,No,2018-05-21T16:05:55Z,2019-04-28T21:56:21Z,342,N/A,Pytorch,Yes,No,Training,"User ""fork""",Adaptor,Basic defects,Crash,Assignment/initialization,Hyperparameters
https://github.com/eriklindernoren/PyTorch-YOLOv3/issues/157,eriklindernoren,PyTorch-YOLOv3,157,Solo Repository,No,2018-05-21T16:05:55Z,2019-05-04T01:05:59Z,347,N/A,Pytorch,Yes,No,Data pipeline,"User ""fork""",Adaptor,Evolutionary defects,Crash,Logic,Training Data Quality
https://github.com/eriklindernoren/PyTorch-YOLOv3/issues/159,eriklindernoren,PyTorch-YOLOv3,159,Solo Repository,No,2018-05-21T16:05:55Z,2019-05-04T12:20:27Z,347,N/A,Pytorch,Yes,No,Training,"User ""fork""",Re-user,Basic defects,Crash,Checking,Evaluation
https://github.com/eriklindernoren/PyTorch-YOLOv3/issues/178,eriklindernoren,PyTorch-YOLOv3,178,Solo Repository,No,2018-05-21T16:05:55Z,2019-05-16T16:46:36Z,360,N/A,Pytorch,Yes,Not mentioned,Training,"User ""fork""",Re-user,Basic defects,Crash,Checking,Evaluation
https://github.com/eriklindernoren/PyTorch-YOLOv3/issues/2,eriklindernoren,PyTorch-YOLOv3,2,Solo Repository,No,2018-05-21T16:05:55Z,2018-05-30T02:42:53Z,8,N/A,Pytorch,Yes,Yes,Modeling,"User ""fork""",Re-user,Reproducibility defects,Bad Performance (lower accuracy),Timing/optimization,Model/weight
https://github.com/eriklindernoren/PyTorch-YOLOv3/issues/2,eriklindernoren,PyTorch-YOLOv3,2,Solo Repository,No,2018-05-21T16:05:55Z,2018-05-30T02:42:53Z,8,N/A,Pytorch,Yes,Yes,Training,Replication,Enhancer,Evolutionary defects,Bad Performance (lower accuracy),Timing/optimization,Loss function
https://github.com/eriklindernoren/PyTorch-YOLOv3/issues/256,eriklindernoren,PyTorch-YOLOv3,256,Solo Repository,No,2018-05-21T16:05:55Z,2019-08-01T14:01:41Z,436,N/A,Pytorch,Yes,No,Data pipeline,"User ""fork""",Adaptor,Basic defects,Crash,Assignment/initialization,Training data quality
https://github.com/eriklindernoren/PyTorch-YOLOv3/issues/327,eriklindernoren,PyTorch-YOLOv3,327,Solo Repository,No,2018-05-21T16:05:55Z,2019-10-29T03:58:56Z,525,N/A,Pytorch,Yes,Yes,Environment,"User ""fork""",Re-user,Basic defects,Crash,External interface,API bugs: DL libraries
https://github.com/eriklindernoren/PyTorch-YOLOv3/issues/372,eriklindernoren,PyTorch-YOLOv3,372,Solo Repository,No,2018-05-21T16:05:55Z,2019-12-11T15:41:49Z,568,N/A,Pytorch,Yes,Yes,Data pipeline,"User ""fork""",Re-user,Basic defects,Crash,Internal interface,Evaluation
https://github.com/eriklindernoren/PyTorch-YOLOv3/issues/45,eriklindernoren,PyTorch-YOLOv3,45,Solo Repository,No,2018-05-21T16:05:55Z,2018-06-22T02:17:21Z,31,N/A,Pytorch,No,No,Modeling,Replication,Adaptor,Evolutionary defects,Bad Performance (lower accuracy),Timing/optimization,Model/weight
https://github.com/eriklindernoren/PyTorch-YOLOv3/issues/456,eriklindernoren,PyTorch-YOLOv3,456,Solo Repository,No,2018-05-21T16:05:55Z,2020-03-21T03:17:33Z,669,N/A,Pytorch,Yes,Yes,Data pipeline,"User ""fork""",Re-user,Basic defects,Crash,Assignment/initialization,Data preprocessing bugs
https://github.com/eriklindernoren/PyTorch-YOLOv3/issues/61,eriklindernoren,PyTorch-YOLOv3,61,Solo Repository,No,2018-05-21T16:05:55Z,2018-09-06T06:55:59Z,107,N/A,Pytorch,Yes,Yes,Training,Replication,Enhancer,Evolutionary defects,Incorrect Functionality,Algorithm/method,Low frequency type
https://github.com/eriklindernoren/PyTorch-YOLOv3/issues/620,eriklindernoren,PyTorch-YOLOv3,620,Solo Repository,No,2018-05-21T16:05:55Z,2021-01-31T10:15:28Z,985,N/A,Pytorch,Yes,Yes,Data pipeline,"User ""fork""",Re-user,Basic defects,Crash,Checking,Training data quality
https://github.com/eriklindernoren/PyTorch-YOLOv3/issues/628,eriklindernoren,PyTorch-YOLOv3,628,Solo Repository,No,2018-05-21T16:05:55Z,2021-02-08T13:48:52Z,993,N/A,Pytorch,Yes,No,Training,"User ""fork""",Enhancer,Evolutionary defects,Incorrect Functionality,Algorithm/method,Training configurations
https://github.com/eriklindernoren/PyTorch-YOLOv3/issues/75,eriklindernoren,PyTorch-YOLOv3,75,Solo Repository,No,2018-05-21T16:05:55Z,2018-10-04T08:03:17Z,135,N/A,Pytorch,Yes,Yes,Modeling,"User ""fork""",Re-user,Reproducibility defects,Bad Performance (lower accuracy),Internal interface,Model/weight
https://github.com/eriklindernoren/PyTorch-YOLOv3/issues/86,eriklindernoren,PyTorch-YOLOv3,86,Solo Repository,No,2018-05-21T16:05:55Z,2018-10-22T06:10:43Z,153,N/A,Pytorch,No,No,Modeling,"User ""fork""",Adaptor,Evolutionary defects,Incorrect Functionality,Assignment/initialization,Model/weight
https://github.com/eriklindernoren/PyTorch-YOLOv3/issues/92,eriklindernoren,PyTorch-YOLOv3,92,Solo Repository,No,2018-05-21T16:05:55Z,2018-11-01T05:48:24Z,163,N/A,Pytorch,Yes,Yes,Training,Replication,Re-user,Reproducibility defects,Incorrect Functionality,Algorithm/method,Loss function
https://github.com/facebookresearch/Detectron/issues/103,facebookresearch,Detectron,103,Zoo Repository,No,2017-10-05T17:32:00Z,2018-02-02T10:09:59Z,119,N/A,Caffe2,Yes,Yes,Environment,"User ""fork""",Re-user,Basic defects,Crash,Internal interface,Environment configuration error
https://github.com/facebookresearch/Detectron/issues/122,facebookresearch,Detectron,122,Zoo Repository,No,2017-10-05T17:32:00Z,2018-02-07T17:04:09Z,124,N/A,Caffe2,Yes,Yes,Environment,"User ""fork""",Re-user,Basic defects,Crash,External interface,API bugs: DL libraries
https://github.com/facebookresearch/Detectron/issues/169,facebookresearch,Detectron,169,Zoo Repository,No,2017-10-05T17:32:00Z,2018-02-20T09:16:44Z,137,N/A,Caffe2,Yes,No,Training,"User ""fork""",Adaptor,Basic defects,Crash,Assignment/initialization,Training configurations
https://github.com/facebookresearch/Detectron/issues/20,facebookresearch,Detectron,20,Zoo Repository,No,2017-10-05T17:32:00Z,2018-01-24T08:58:59Z,110,N/A,Caffe2,Yes,Yes,Environment,"User ""fork""",Re-user,Basic defects,Crash,External interface,API bugs: DL libraries
https://github.com/facebookresearch/Detectron/issues/209,facebookresearch,Detectron,209,Zoo Repository,No,2017-10-05T17:32:00Z,2018-03-01T02:34:35Z,146,N/A,Caffe2,Yes,No,Data pipeline,"User ""fork""",Enhancer,Basic defects,Crash,Internal interface,Data preprocessing bugs
https://github.com/facebookresearch/Detectron/issues/237,facebookresearch,Detectron,237,Zoo Repository,No,2017-10-05T17:32:00Z,2018-03-06T03:26:22Z,151,cannot repro,Caffe2,Yes,Yes,Modeling,Replication,Re-user,Basic defects,Crash,Internal interface,Model/weight
https://github.com/facebookresearch/Detectron/issues/32,facebookresearch,Detectron,32,Zoo Repository,No,2017-10-05T17:32:00Z,2018-01-25T07:48:11Z,111,N/A,Caffe2,Yes,Not mentioned,Environment,"User ""fork""",Re-user,Basic defects,Crash,External interface,GPU Usage Bug
https://github.com/facebookresearch/Detectron/issues/361,facebookresearch,Detectron,361,Zoo Repository,No,2017-10-05T17:32:00Z,2018-04-12T09:32:24Z,188,N/A,Caffe2,Yes,No,Environment,"User ""fork""",Adaptor,Basic defects,Crash,External interface,API bugs: DL libraries
https://github.com/facebookresearch/Detectron/issues/433,facebookresearch,Detectron,433,Zoo Repository,No,2017-10-05T17:32:00Z,2018-05-16T06:45:37Z,222,N/A,Caffe2,Yes,Yes,Environment,"User ""fork""",Re-user,Basic defects,Crash,External interface,API bugs: DL libraries
https://github.com/facebookresearch/Detectron/issues/454,facebookresearch,Detectron,454,Zoo Repository,No,2017-10-05T17:32:00Z,2018-05-29T03:17:47Z,235,N/A,Caffe2,Yes,Yes,Environment,"User ""fork""",Re-user,Basic defects,Crash,External interface,Environment configuration error
https://github.com/facebookresearch/Detectron/issues/475,facebookresearch,Detectron,475,Zoo Repository,No,2017-10-05T17:32:00Z,2018-06-06T06:57:50Z,243,N/A,Caffe2,Yes,Not mentioned,Environment,"User ""fork""",Re-user,Basic defects,Crash,External interface,API bugs: other
https://github.com/facebookresearch/Detectron/issues/5,facebookresearch,Detectron,5,Zoo Repository,No,2017-10-05T17:32:00Z,2018-01-23T09:45:47Z,109,N/A,Caffe2,Yes,No,Environment,"User ""fork""",Adaptor,Evolutionary defects,Memory Exhaustion,Assignment/initialization,GPU Usage Bug
https://github.com/facebookresearch/Detectron/issues/502,facebookresearch,Detectron,502,Zoo Repository,No,2017-10-05T17:32:00Z,2018-06-18T20:33:08Z,256,N/A,Caffe2,Yes,Yes,Environment,"User ""fork""",Re-user,Basic defects,Crash,External interface,API bugs: DL libraries
https://github.com/facebookresearch/Detectron/issues/524,facebookresearch,Detectron,524,Zoo Repository,No,2017-10-05T17:32:00Z,2018-06-27T00:15:47Z,264,N/A,Caffe2,Yes,Not mentioned,Environment,"User ""fork""",Re-user,Basic defects,Incorrect functionality,Internal interface,Environment configuration error
https://github.com/facebookresearch/Detectron/issues/918,facebookresearch,Detectron,918,Zoo Repository,No,2017-10-05T17:32:00Z,2019-07-21T09:11:55Z,653,N/A,Caffe2,Yes,No,Environment,"User ""fork""",Adaptor,Evolutionary defects,Bad performance (lower accuracy),External interface,GPU usage bug
https://github.com/facebookresearch/detectron2/issues/101,facebookresearch,detectron2,101,Zoo Repository,No,2019-09-05T21:30:20Z,2019-10-17T03:26:28Z,41,N/A,Pytorch,Yes,Yes,Data pipeline,"User ""fork""",Re-user,Basic defects,Incorrect functionality,Assignment/initialization,Environment configuration error
https://github.com/facebookresearch/detectron2/issues/1037,facebookresearch,detectron2,1037,Zoo Repository,No,2019-09-05T21:30:20Z,2020-03-12T03:14:29Z,188,N/A,Pytorch,Yes,Yes,Training,"User ""fork""",Re-user,Basic defects,Crash,Internal interface,Other
https://github.com/facebookresearch/detectron2/issues/1037,facebookresearch,detectron2,1037,Zoo Repository,No,2019-09-05T21:30:20Z,2020-03-12T03:14:29Z,188,N/A,Pytorch,Yes,Yes,Environment,"User ""fork""",Re-user,Basic defects,Crash,External interface,GPU Usage Bug
https://github.com/facebookresearch/detectron2/issues/174,facebookresearch,detectron2,174,Zoo Repository,No,2019-09-05T21:30:20Z,2019-10-26T06:33:07Z,50,N/A,Pytorch,Yes,No,Environment,"User ""fork""",Adaptor,Basic defects,Crash,Internal interface,Environment configuration error
https://github.com/facebookresearch/detectron2/issues/235,facebookresearch,detectron2,235,Zoo Repository,No,2019-09-05T21:30:20Z,2019-11-04T18:23:00Z,59, installation / environment,Pytorch,Yes,Not mentioned,Environment,"User ""fork""",Re-user,Basic defects,Crash,External interface,Environment configuration error
https://github.com/facebookresearch/detectron2/issues/320,facebookresearch,detectron2,320,Zoo Repository,No,2019-09-05T21:30:20Z,2019-11-14T18:37:28Z,69,N/A,Pytorch,Yes,No,Data pipeline,"User ""fork""",Adaptor,Basic defects,Crash,Assignment/initialization,Evaluation
https://github.com/facebookresearch/detectron2/issues/3225,facebookresearch,detectron2,3225,Zoo Repository,No,2019-09-05T21:30:20Z,2021-07-06T21:42:12Z,670,N/A,Pytorch,Yes,Yes,Environment,"User ""fork""",Re-user,Basic defects,Incorrect functionality,Non-functional defects,Insufficient/incorrect documentation
https://github.com/facebookresearch/detectron2/issues/55,facebookresearch,detectron2,55,Zoo Repository,No,2019-09-05T21:30:20Z,2019-10-14T06:42:43Z,38,installation / environment,Pytorch,Yes,Not mentioned,Environment,"User ""fork""",Re-user,Basic defects,Crash,Internal interface,API bugs: other
https://github.com/facebookresearch/detectron2/issues/62,facebookresearch,detectron2,62,Zoo Repository,No,2019-09-05T21:30:20Z,2019-10-14T20:18:51Z,38,installation / environment,Pytorch,yes,Yes,Environment,"User ""fork""",Re-user,Basic defects,Crash,External interface,API bugs: DL libraries
https://github.com/facebookresearch/detectron2/issues/657,facebookresearch,detectron2,657,Zoo Repository,No,2019-09-05T21:30:20Z,2020-01-09T09:59:21Z,125,N/A,pytorch,No,Not mentioned,Environment,"User ""fork""",Enhancer,Evolutionary defects,Crash,External interface,Environment configuration error
https://github.com/facebookresearch/detectron2/issues/693#issue-549261146,facebookresearch,detectron2,693#issue-549261146,Zoo Repository,No,2019-09-05T21:30:20Z,2020-01-14T00:29:20Z,130,installation / environment; invalid/unrelated,Pytorch,Yes,Yes,Environment,"User ""fork""",Re-user,Basic defects,Crash,External interface,API bugs: DL libraries
https://github.com/facebookresearch/detectron2/issues/80,facebookresearch,detectron2,80,Zoo Repository,No,2019-09-05T21:30:20Z,2019-10-15T23:30:38Z,40,N/A,Pytorch,No,No,Data pipeline,Replication,Enhancer,Evolutionary defects,Incorrect functionality,Non-functional defects,Data preprocessing bugs
https://github.com/facebookresearch/detectron2/issues/810,facebookresearch,detectron2,810,Zoo Repository,No,2019-09-05T21:30:20Z,2020-02-05T18:03:14Z,152,N/A,Pytorch,No,Yes,Data pipeline,"User ""fork""",Enhancer,Evolutionary defects,Crash,Data structure,Data preprocessing bugs
https://github.com/fizyr/keras-retinanet/issues/1176,fizyr,keras-retinanet,1176,Solo Repository,Yes,2017-08-14T09:14:29Z,2019-11-08T17:33:42Z,816,N/A,Keras,Yes,No,Data pipeline,"User ""fork""",Adaptor,Evolutionary defects,Crash,Data structure,Data preprocessing bugs
https://github.com/fizyr/keras-retinanet/issues/1449,fizyr,keras-retinanet,1449,Solo Repository,Yes,2017-08-14T09:14:29Z,2020-08-30T18:58:07Z,1112,stale,Keras,yes,Not mentioned,Training,"User ""fork""",Re-user,Basic defects,crash,Assignment/initialization,Hyperparameters
https://github.com/fizyr/keras-retinanet/issues/163,fizyr,keras-retinanet,163,Solo Repository,Yes,2017-08-14T09:14:29Z,2017-12-06T11:06:01Z,114,N/A,Keras,Yes,No,Data pipeline,Replication,Adaptor,Evolutionary defects,Crash,Assignment/initialization,Data preprocessing bugs
https://github.com/fizyr/keras-retinanet/issues/322,fizyr,keras-retinanet,322,Solo Repository,Yes,2017-08-14T09:14:29Z,2018-03-09T13:10:46Z,207,N/A,Keras,yes,yes,Environment,"User ""fork""",Re-user,Reproducibility defects,Bad Performance (lower speed),External interface,API bugs: DL libraries
https://github.com/fizyr/keras-retinanet/issues/49,fizyr,keras-retinanet,49,Solo Repository,Yes,2017-08-14T09:14:29Z,2017-11-09T09:57:24Z,87,N/A,Keras,Yes,No,Data pipeline,Research Prototype,Enhancer,Evolutionary defects,Crash,Algorithm/method,Training data quality
https://github.com/fizyr/keras-retinanet/issues/49,fizyr,keras-retinanet,49,Solo Repository,Yes,2017-08-14T09:14:29Z,2017-11-09T09:57:24Z,87,N/A,Keras,Yes,No,Modeling,Research Prototype,Enhancer,Evolutionary defects,Crash,Algorithm/method,Layer Properties
https://github.com/fizyr/keras-retinanet/issues/509,fizyr,keras-retinanet,509,Solo Repository,Yes,2017-08-14T09:14:29Z,2018-06-19T00:38:08Z,308,N/A,Keras,yes,no,Data pipeline,"User ""fork""",Enhancer,Basic defects,crash,Data structure,Data preprocessing bugs
https://github.com/fizyr/keras-retinanet/issues/667,fizyr,keras-retinanet,667,Solo Repository,Yes,2017-08-14T09:14:29Z,2018-09-08T09:02:18Z,389,N/A,Keras,yes,no,Training,"User ""fork""",Enhancer,Evolutionary defects,Bad Performance (lower accuracy),Algorithm/method,Training configurations
https://github.com/fizyr/keras-retinanet/issues/676,fizyr,keras-retinanet,676,Solo Repository,Yes,2017-08-14T09:14:29Z,2018-09-12T09:58:09Z,394,N/A,Keras,No,Not mentioned,Environment,"User ""fork""",Enhancer,Evolutionary defects,Crash,Algorithm/method,Other
https://github.com/fizyr/keras-retinanet/issues/680,fizyr,keras-retinanet,680,Solo Repository,Yes,2017-08-14T09:14:29Z,2018-09-14T12:17:17Z,396,N/A,Keras,No,No,Data pipeline,"User ""fork""",Adaptor,Evolutionary defects,Incorrect functionality,Assignment/initialization,Evaluation
https://github.com/junyanz/pytorch-CycleGAN-and-pix2pix/issues/115,junyanz,pytorch-CycleGAN-and-pix2pix,115,Solo Repository,Yes,2017-04-18T10:33:05Z,2017-10-06T01:54:52Z,170,N/A,pytorch,Yes,No,Data pipeline,"User ""fork""",Adaptor,Basic defects,Crash,Algorithm/method,Layer properties
https://github.com/junyanz/pytorch-CycleGAN-and-pix2pix/issues/150,junyanz,pytorch-CycleGAN-and-pix2pix,150,Solo Repository,Yes,2017-04-18T10:33:05Z,2017-11-15T06:52:32Z,210,N/A,pytorch,Yes,Yes,Training,"User ""fork""",Re-user,Reproducibility defects,Bad Performance (lower accuracy),Assignment/initialization,Hyperparameters
https://github.com/junyanz/pytorch-CycleGAN-and-pix2pix/issues/230,junyanz,pytorch-CycleGAN-and-pix2pix,230,Solo Repository,Yes,2017-04-18T10:33:05Z,2018-03-31T06:18:45Z,346,N/A,pytorch,Yes,Not mentioned,Environment,"User ""fork""",Re-user,Basic defects,Incorrect Functionality,Internal interface,Environment configuration error
https://github.com/junyanz/pytorch-CycleGAN-and-pix2pix/issues/296,junyanz,pytorch-CycleGAN-and-pix2pix,296,Solo Repository,Yes,2017-04-18T10:33:05Z,2018-06-19T02:27:16Z,426,N/A,pytorch,Yes,Yes,Modeling,"User ""fork""",Re-user,Basic defects,Crash,Algorithm/method,Layer properties
https://github.com/junyanz/pytorch-CycleGAN-and-pix2pix/issues/309,junyanz,pytorch-CycleGAN-and-pix2pix,309,Solo Repository,Yes,2017-04-18T10:33:05Z,2018-06-28T08:32:02Z,435,N/A,pytorch,Yes,No,Environment,"User ""fork""",Adaptor,Evolutionary defects,Bad Performance (lower accuracy),Algorithm/method,Data preprocessing bugs
https://github.com/junyanz/pytorch-CycleGAN-and-pix2pix/issues/325,junyanz,pytorch-CycleGAN-and-pix2pix,325,Solo Repository,Yes,2017-04-18T10:33:05Z,2018-07-17T06:50:54Z,454,N/A,pytorch,Yes,No,Data pipeline,"User ""fork""",Adaptor,Evolutionary defects,Incorrect Functionality,Algorithm/method,Data preprocessing bugs
https://github.com/junyanz/pytorch-CycleGAN-and-pix2pix/issues/336,junyanz,pytorch-CycleGAN-and-pix2pix,336,Solo Repository,Yes,2017-04-18T10:33:05Z,2018-07-24T06:50:13Z,461,N/A,pytorch,Yes,Yes,Training,Research Prototype,Re-user,Reproducibility defects,Bad Performance (lower accuracy),Algorithm/method,Training configurations
https://github.com/junyanz/pytorch-CycleGAN-and-pix2pix/issues/358,junyanz,pytorch-CycleGAN-and-pix2pix,358,Solo Repository,Yes,2017-04-18T10:33:05Z,2018-08-29T13:18:06Z,498,N/A,pytorch,Yes,No,Training,"User ""fork""",Adaptor,Basic defects,Crash,Assignment/initialization,Training configurations
https://github.com/junyanz/pytorch-CycleGAN-and-pix2pix/issues/360,junyanz,pytorch-CycleGAN-and-pix2pix,360,Solo Repository,Yes,2017-04-18T10:33:05Z,2018-08-31T12:38:02Z,500,N/A,pytorch,Yes,Yes,Environment,"User ""fork""",Re-user,Basic defects,Crash,External interface,API bugs: DL libraries
https://github.com/junyanz/pytorch-CycleGAN-and-pix2pix/issues/398,junyanz,pytorch-CycleGAN-and-pix2pix,398,Solo Repository,Yes,2017-04-18T10:33:05Z,2018-10-08T23:53:21Z,538,N/A,pytorch,Yes,Yes,Modeling,"User ""fork""",Enhancer,Evolutionary defects,Crash,Internal interface,Network structure
https://github.com/junyanz/pytorch-CycleGAN-and-pix2pix/issues/422,junyanz,pytorch-CycleGAN-and-pix2pix,422,Solo Repository,Yes,2017-04-18T10:33:05Z,2018-11-04T09:35:10Z,564,N/A,pytorch,Yes,No,Training,"User ""fork""",Adaptor,Basic defects,Crash,Memory exhaustion,Network Structure
https://github.com/junyanz/pytorch-CycleGAN-and-pix2pix/issues/466,junyanz,pytorch-CycleGAN-and-pix2pix,466,Solo Repository,Yes,2017-04-18T10:33:05Z,2018-12-08T12:34:54Z,599,N/A,pytorch,Yes,No,Data pipeline,"User ""fork""",Adaptor,Basic defects,Crash,Assignment/initialization,Evaluation
https://github.com/junyanz/pytorch-CycleGAN-and-pix2pix/issues/642,junyanz,pytorch-CycleGAN-and-pix2pix,642,Solo Repository,Yes,2017-04-18T10:33:05Z,2019-05-16T07:40:13Z,757,N/A,pytorch,Yes,Yes,Environment,"User ""fork""",Re-user,Basic defects,Crash,External interface,Environment configuration error
https://github.com/junyanz/pytorch-CycleGAN-and-pix2pix/issues/712,junyanz,pytorch-CycleGAN-and-pix2pix,712,Solo Repository,Yes,2017-04-18T10:33:05Z,2019-07-19T09:59:06Z,821,N/A,pytorch,Yes,Not mentioned,Modeling,"User ""fork""",Adaptor,Basic defects,Crash,Assignment/initialization,Network structure
https://github.com/junyanz/pytorch-CycleGAN-and-pix2pix/issues/76,junyanz,pytorch-CycleGAN-and-pix2pix,76,Solo Repository,Yes,2017-04-18T10:33:05Z,2017-08-16T06:48:11Z,119,N/A,pytorch,Yes,Yes,Environment,Replication,Re-user,Basic defects,Crash,External interface,API bugs: DL libraries
https://github.com/jwyang/faster-rcnn.pytorch/issues/15,jwyang,faster-rcnn.pytorch,15,Solo Repository,No,2017-08-03T19:46:54Z,2018-01-15T17:38:49Z,164,N/A,Pytorch,Yes,Yes,Environment,"User ""fork""",Re-user,Basic defects,Crash,Internal interface,GPU Usage Bug
https://github.com/jwyang/faster-rcnn.pytorch/issues/190,jwyang,faster-rcnn.pytorch,190,Solo Repository,No,2017-08-03T19:46:54Z,2018-06-06T23:42:53Z,307,N/A,Pytorch,Yes,Yes,Environment,"User ""fork""",Re-user,Basic defects,Crash,External interface,API bugs: DL libraries
https://github.com/jwyang/faster-rcnn.pytorch/issues/235,jwyang,faster-rcnn.pytorch,235,Solo Repository,No,2017-08-03T19:46:54Z,2018-07-10T03:15:10Z,340,N/A,Pytorch,Yes,Yes,Environment,"User ""fork""",Re-user,Basic defects,Crash,External interface,API bugs: DL libraries
https://github.com/jwyang/faster-rcnn.pytorch/issues/9,jwyang,faster-rcnn.pytorch,9,Solo Repository,No,2017-08-03T19:46:54Z,2017-12-28T10:28:10Z,146,N/A,Pytorch,Yes,Yes,Environment,Replication,Re-user,Basic defects,Crash,Internal interface,Low frequency type
https://github.com/matterport/Mask_RCNN/issues/1015,matterport,Mask_RCNN,1015,Solo Repository,Yes,2017-10-19T20:28:34Z,2018-10-09T19:57:25Z,354,N/A,Keras,No,No,Data pipeline,"User ""fork""",Adaptor,Evolutionary defects,Bad data quality,Assignment/initialization,Training data quality
https://github.com/matterport/Mask_RCNN/issues/1070,matterport,Mask_RCNN,1070,Solo Repository,Yes,2017-10-19T20:28:34Z,2018-10-25T16:04:07Z,370,N/A,Keras,yes,yes,Environment,"User ""fork""",Re-user,Basic defects,Crash,External interface,API bugs: DL libraries
https://github.com/matterport/Mask_RCNN/issues/1828,matterport,Mask_RCNN,1828,Solo Repository,Yes,2017-10-19T20:28:34Z,2019-10-27T16:32:46Z,737,N/A,Keras,Yes,Yes,Environment,"User ""fork""",Re-user,Basic defects,Crash,External interface,API bugs: DL libraries
https://github.com/matterport/Mask_RCNN/issues/1938,matterport,Mask_RCNN,1938,Solo Repository,Yes,2017-10-19T20:28:34Z,2019-12-31T11:30:13Z,802,N/A,Keras,Yes,Yes,Environment,"User ""fork""",Re-user,Basic defects,Bad Performance (lower speed),External interface,API bugs: DL libraries
https://github.com/matterport/Mask_RCNN/issues/2165,matterport,Mask_RCNN,2165,Solo Repository,Yes,2017-10-19T20:28:34Z,2020-05-07T02:28:27Z,930,N/A,Keras,No,No,Training,"User ""fork""",Enhancer,Evolutionary defects,Incorrect functionality,Algorithm/method,Evaluation
https://github.com/matterport/Mask_RCNN/issues/270,matterport,Mask_RCNN,270,Solo Repository,Yes,2017-10-19T20:28:34Z,2018-02-21T19:48:50Z,124,N/A,Keras,yes,yes,Training,"User ""fork""",Re-user,Reproducibility defects,Other,Non-functional defects,Insufficient/incorrect documentation
https://github.com/matterport/Mask_RCNN/issues/372,matterport,Mask_RCNN,372,Solo Repository,Yes,2017-10-19T20:28:34Z,2018-03-28T11:19:19Z,159,N/A,Keras,yes,No,Training,"User ""fork""",Adaptor,Evolutionary defects,Incorrect functionality,algorithm/method,Training configurations
https://github.com/matterport/Mask_RCNN/issues/410,matterport,Mask_RCNN,410,Solo Repository,Yes,2017-10-19T20:28:34Z,2018-04-07T16:34:27Z,169,N/A,Keras,yes,no,Training,"User ""fork""",Adaptor,Basic defects,crash,Assignment/initialization,Hyperparameters
https://github.com/matterport/Mask_RCNN/issues/578,matterport,Mask_RCNN,578,Solo Repository,Yes,2017-10-19T20:28:34Z,2018-05-20T21:26:30Z,213,N/A,Keras,Yes,No,Data pipeline,"User ""fork""",Adaptor,Basic defects,Crash,Assignment/initialization,Data preprocessing bugs
https://github.com/matterport/Mask_RCNN/issues/6,matterport,Mask_RCNN,6,Solo Repository,Yes,2017-10-19T20:28:34Z,2017-11-02T15:53:15Z,13,N/A,Keras,yes,yes,Environment,"User ""fork""",Re-user,Basic defects,Crash,External interface,API bugs: DL libraries
https://github.com/matterport/Mask_RCNN/issues/604,matterport,Mask_RCNN,604,Solo Repository,Yes,2017-10-19T20:28:34Z,2018-05-28T10:41:10Z,220,N/A,Keras,Yes,No,Environment,"User ""fork""",Re-user,Basic defects,Crash,Assignment/initialization,Environment configuration error
https://github.com/matterport/Mask_RCNN/issues/635,matterport,Mask_RCNN,635,Solo Repository,Yes,2017-10-19T20:28:34Z,2018-06-03T18:39:04Z,226,N/A,Keras,yes,no,Modeling,"User ""fork""",Adaptor,Evolutionary defects,Bad Performance (lower accuracy),Algorithm/method,Network Structure
https://github.com/matterport/Mask_RCNN/issues/635,matterport,Mask_RCNN,635,Solo Repository,Yes,2017-10-19T20:28:34Z,2018-06-03T18:39:04Z,226,N/A,Keras,yes,no,Data pipeline,"User ""fork""",Adaptor,Evolutionary defects,Bad Performance (lower accuracy),Timing/optimization,training data quality
https://github.com/matterport/Mask_RCNN/issues/636,matterport,Mask_RCNN,636,Solo Repository,Yes,2017-10-19T20:28:34Z,2018-06-04T03:52:56Z,227,N/A,Keras,Yes,No,Data pipeline,"User ""fork""",Adaptor,Basic defects,Crash,Assignment/initialization,Corrupt data
https://github.com/matterport/Mask_RCNN/issues/796,matterport,Mask_RCNN,796,Solo Repository,Yes,2017-10-19T20:28:34Z,2018-07-19T15:58:15Z,272,N/A,Keras,yes,Yes,Training,"User ""fork""",Re-user,Basic defects,Crash,Assignment/initialization,Training configurations
https://github.com/matterport/Mask_RCNN/issues/875,matterport,Mask_RCNN,875,Solo Repository,Yes,2017-10-19T20:28:34Z,2018-08-20T13:36:47Z,304,N/A,Keras,Yes,Yes,Training,Research Prototype,Re-user,Evolutionary defects,Bad Performance (lower speed),algorithm/method,GPU Usage Bug
https://github.com/NVIDIA/DeepLearningExamples/issues/1004,NVIDIA,DeepLearningExamples,1004,Zoo Repository,No,2018-05-02T17:04:05Z,2021-09-16T16:23:36Z,1232,N/A,TensorFlow,Yes,Yes,Training,"User ""fork""",Re-user,Reproducibility defects,Bad Performance (lower accuracy),Timing/optimization,Hyperparameters
https://github.com/NVIDIA/DeepLearningExamples/issues/156,NVIDIA,DeepLearningExamples,156,Zoo Repository,No,2018-05-02T17:04:05Z,2019-08-13T17:38:59Z,468,N/A,TensorFlow,Yes,Yes,Training,"User ""fork""",Adaptor,Reproducibility defects,Bad Performance (lower speed),Non-functional defects,Low frequency type
https://github.com/NVIDIA/DeepLearningExamples/issues/166,NVIDIA,DeepLearningExamples,166,Zoo Repository,No,2018-05-02T17:04:05Z,2019-08-19T02:32:28Z,473,N/A,Tensorflow,Yes,yes,Environment,"User ""fork""",Re-user,Basic defects,Crash,Internal interface,API bugs: DL Libraries
https://github.com/NVIDIA/DeepLearningExamples/issues/242,NVIDIA,DeepLearningExamples,242,Zoo Repository,No,2018-05-02T17:04:05Z,2019-10-02T19:54:00Z,518,N/A,TensorFlow,Yes,Yes,Training,Replication,Re-user,Evolutionary defects,Incorrect Functionality,Algorithm/method,Loss function
https://github.com/NVIDIA/DeepLearningExamples/issues/257,NVIDIA,DeepLearningExamples,257,Zoo Repository,No,2018-05-02T17:04:05Z,2019-10-15T10:01:12Z,530,N/A,Tensorflow,yes,yes,Environment,Replication,Enhancer,Basic defects,Crash,Internal interface,Environment configuration error
https://github.com/NVIDIA/DeepLearningExamples/issues/308,NVIDIA,DeepLearningExamples,308,Zoo Repository,No,2018-05-02T17:04:05Z,2019-11-19T22:25:27Z,566,N/A,PyTorch,Not mentioned,Not mentioned,Environment,"User ""fork""",Re-user,Basic defects,Crash,Internal interface,API bugs: DL Libraries
https://github.com/NVIDIA/DeepLearningExamples/issues/319,NVIDIA,DeepLearningExamples,319,Zoo Repository,No,2018-05-02T17:04:05Z,2019-11-27T14:37:33Z,573,N/A,TensorFlow,Yes,Yes,Modeling,"User ""fork""",Re-user,Basic defects,Crash,Assignment/initialization,Model/weight
https://github.com/NVIDIA/DeepLearningExamples/issues/383,NVIDIA,DeepLearningExamples,383,Zoo Repository,No,2018-05-02T17:04:05Z,2020-01-23T23:28:38Z,631,Bug,Tensorflow,Not mentioned,Not mentioned,Environment,"User ""fork""",Re-user,Reproducibility defects,Hang,Algorithm/method,Low frequency type
https://github.com/NVIDIA/DeepLearningExamples/issues/51,NVIDIA,DeepLearningExamples,51,Zoo Repository,No,2018-05-02T17:04:05Z,2019-05-22T21:41:04Z,385,N/A,TensorFlow,Yes,Yes,Training,"User ""fork""",Re-user,Reproducibility defects,Bad Performance (lower accuracy),Assignment/initialization,Low frequency type
https://github.com/NVIDIA/DeepLearningExamples/issues/679,NVIDIA,DeepLearningExamples,679,Zoo Repository,No,2018-05-02T17:04:05Z,2020-09-08T14:16:25Z,859,N/A,TensorFlow,Yes,Yes,Environment,Replication,Re-user,Basic defects,Crash,External interface,API bugs: other
https://github.com/NVIDIA/DeepLearningExamples/issues/681,NVIDIA,DeepLearningExamples,681,Zoo Repository,No,2018-05-02T17:04:05Z,2020-09-09T02:20:18Z,860,Bug,PyTorch,Not mentioned,Not mentioned,Environment,"User ""fork""",Re-user,Basic defects,Crash,Internal interface,Other
https://github.com/NVIDIA/DeepLearningExamples/issues/78,NVIDIA,DeepLearningExamples,78,Zoo Repository,No,2018-05-02T17:04:05Z,2019-06-10T22:25:59Z,404,N/A,TensorFlow,Yes,No,Training,"User ""fork""",Adaptor,Evolutionary defects,Numerical Instability,Data structure,Training configurations
https://github.com/NVIDIA/DeepLearningExamples/issues/820,NVIDIA,DeepLearningExamples,820,Zoo Repository,No,2018-05-02T17:04:05Z,2021-02-01T01:05:59Z,1005,N/A,PyTorch,Yes,yes,Data pipeline,"User ""fork""",Re-user,Basic defects,Crash,Internal interface,Data preprocessing bugs
https://github.com/NVIDIA/DeepLearningExamples/issues/840,NVIDIA,DeepLearningExamples,840,Zoo Repository,No,2018-05-02T17:04:05Z,2021-02-23T16:30:01Z,1027,N/A,TensorFlow,Yes,Yes,Environment,"User ""fork""",Re-user,Basic defects,Crash,External interface,Other
https://github.com/NVIDIA/DeepLearningExamples/issues/87,NVIDIA,DeepLearningExamples,87,Zoo Repository,No,2018-05-02T17:04:05Z,2019-06-26T05:43:14Z,419,N/A,PyTorch,yes,Not mentioned,Training,"User ""fork""",Re-user,Basic defects,Crash,Assignment/initialization,Insufficient/incorrect documentation
https://github.com/NVIDIA/DeepLearningExamples/issues/956,NVIDIA,DeepLearningExamples,956,Zoo Repository,No,2018-05-02T17:04:05Z,2021-06-11T03:47:01Z,1135,N/A,TensorFlow,Yes,Yes,Environment,Replication,Re-user,Basic defects,Crash,Internal interface,Environment configuration error
https://github.com/NVIDIA/DeepLearningExamples/issues/964,NVIDIA,DeepLearningExamples,964,Zoo Repository,No,2018-05-02T17:04:05Z,2021-07-11T01:37:43Z,1165,N/A,TensorFlow,Yes,Yes,Environment,"User ""fork""",Re-user,Basic defects,Crash,External interface,Environment configuration error
https://github.com/NVIDIA/DeepLearningExamples/issues/97,NVIDIA,DeepLearningExamples,97,Zoo Repository,No,2018-05-02T17:04:05Z,2019-07-04T08:00:51Z,427,N/A,TensorFlow,Yes,Yes,Training,"User ""fork""",Re-user,Reproducibility defects,Bad Performance (lower accuracy),Timing/optimization,Hyperparameters
https://github.com/open-mmlab/mmdetection/issues/1811,open-mmlab,mmdetection,1811,Zoo Repository,No,2018-08-22T07:06:06Z,2019-12-14T06:22:27Z,478,N/A,Pytorch,Yes,Not mentioned,Environment,"User ""fork""",Re-user,Basic defects,Crash,Internal interface,Low frequency type
https://github.com/open-mmlab/mmdetection/issues/188,open-mmlab,mmdetection,188,Zoo Repository,No,2018-08-22T07:06:06Z,2018-12-16T03:33:37Z,115,N/A,Pytorch,Yes,No,Training,"User ""fork""",Adaptor,Basic defects,Crash,Memory exhaustion,Training configurations
https://github.com/open-mmlab/mmdetection/issues/2153,open-mmlab,mmdetection,2153,Zoo Repository,No,2018-08-22T07:06:06Z,2020-02-25T13:25:12Z,552,N/A,pytorch,Yes,Yes,Environment,"User ""fork""",Re-user,Basic defects,Crash,Internal interface,Environment configuration error
https://github.com/open-mmlab/mmdetection/issues/22,open-mmlab,mmdetection,22,Zoo Repository,No,2018-08-22T07:06:06Z,2018-10-13T02:26:07Z,51,N/A,Pytorch,Yes,Not mentioned,Environment,"User ""fork""",Re-user,Basic defects,Crash,External interface,API bugs: DL libraries
https://github.com/open-mmlab/mmdetection/issues/2627,open-mmlab,mmdetection,2627,Zoo Repository,No,2018-08-22T07:06:06Z,2020-05-06T12:35:30Z,623,N/A,pytorch,Yes,Yes,Environment,"User ""fork""",Re-user,Basic defects,Crash,External interface,API bugs: DL libraries
https://github.com/open-mmlab/mmdetection/issues/2665,open-mmlab,mmdetection,2665,Zoo Repository,No,2018-08-22T07:06:06Z,2020-05-09T09:22:29Z,626,N/A,pytorch,Yes,Yes,Data pipeline,Replication,Enhancer,Evolutionary defects,Incorrect functionality,Checking,Data preprocessing bugs
https://github.com/open-mmlab/mmdetection/issues/2678,open-mmlab,mmdetection,2678,Zoo Repository,No,2018-08-22T07:06:06Z,2020-05-10T21:46:27Z,627,N/A,Pytorch,Yes,Not mentioned,Environment,Replication,Re-user,Basic defects,Crash,External interface,GPU usage bug
https://github.com/open-mmlab/mmdetection/issues/2734,open-mmlab,mmdetection,2734,Zoo Repository,No,2018-08-22T07:06:06Z,2020-05-16T03:21:42Z,632,N/A,Pytorch,Yes,Not mentioned,Environment,Replication,Re-user,Basic defects,Crash,Internal interface,API bugs: DL libraries
https://github.com/open-mmlab/mmdetection/issues/3271,open-mmlab,mmdetection,3271,Zoo Repository,No,2018-08-22T07:06:06Z,2020-07-10T04:31:27Z,687,installation/env,Pytorch,Yes,Not mentioned,Environment,"User ""fork""",Re-user,Basic defects,Crash,Internal interface,Environment configuration error
https://github.com/open-mmlab/mmdetection/issues/367,open-mmlab,mmdetection,367,Zoo Repository,No,2018-08-22T07:06:06Z,2019-03-06T14:45:17Z,196,N/A,pytorch,Yes,Yes,Environment,"User ""fork""",Re-user,Basic defects,Crash,External interface,Environment configuration error
https://github.com/open-mmlab/mmdetection/issues/385,open-mmlab,mmdetection,385,Zoo Repository,No,2018-08-22T07:06:06Z,2019-03-10T13:04:19Z,200,N/A,Pytorch,Yes,Not mentioned,Environment,"User ""fork""",Re-user,Basic defects,Crash,External interface,API bugs: DL libraries
https://github.com/open-mmlab/mmdetection/issues/413,open-mmlab,mmdetection,413,Zoo Repository,No,2018-08-22T07:06:06Z,2019-03-18T10:59:30Z,208,N/A,Pytorch,Yes,Not mentioned,Environment,"User ""fork""",Re-user,Basic defects,Crash,External interface,Environment configuration error
https://github.com/open-mmlab/mmdetection/issues/4309,open-mmlab,mmdetection,4309,Zoo Repository,No,2018-08-22T07:06:06Z,2020-12-15T09:01:21Z,846,N/A,Pytorch,Not mentioned,Not mentioned,Data pipeline,"User ""fork""",Re-user,Basic defects,Crash,Internal interface,Other
https://github.com/open-mmlab/mmdetection/issues/482,open-mmlab,mmdetection,482,Zoo Repository,No,2018-08-22T07:06:06Z,2019-04-11T01:54:50Z,231,N/A,pytorch,Yes,No,Data pipeline,"User ""fork""",Adaptor,Basic defects,Crash,Assignment/initialization,Corrupt Data
https://github.com/open-mmlab/mmdetection/issues/5329,open-mmlab,mmdetection,5329,Zoo Repository,No,2018-08-22T07:06:06Z,2021-06-10T07:49:27Z,1023,N/A,pytorch,No,Yes,Modeling,"User ""fork""",Enhancer,Evolutionary defects,Crash,Data structure,Model/weight
https://github.com/open-mmlab/mmdetection/issues/5377,open-mmlab,mmdetection,5377,Zoo Repository,No,2018-08-22T07:06:06Z,2021-06-16T19:50:56Z,1029,N/A,pytorch,Yes,No,Data pipeline,"User ""fork""",Adaptor,Basic defects,Crash,Assignment/initialization,Data preprocessing bugs
https://github.com/phillipi/pix2pix/issues/116,phillipi,pix2pix,116,Solo Repository,Yes,2016-11-16T22:48:50Z,2017-11-20T10:04:54Z,368,N/A,Lua,Yes,No,Data pipeline,"User ""fork""",Re-user,Reproducibility defects,Bad Performance (lower accuracy),Internal interface,Data preprocessing bugs
https://github.com/phillipi/pix2pix/issues/126,phillipi,pix2pix,126,Solo Repository,Yes,2016-11-16T22:48:50Z,2018-01-19T07:36:30Z,428,N/A,Lua,Yes,No,Training,"User ""fork""",Adaptor,Reproducibility defects,Bad Performance (lower accuracy),Timing/optimization,Hyperparameters
https://github.com/phillipi/pix2pix/issues/148,phillipi,pix2pix,148,Solo Repository,Yes,2016-11-16T22:48:50Z,2018-08-20T13:49:05Z,641,N/A,Lua,Yes,Yes,Data pipeline,"User ""fork""",Enhancer,Evolutionary defects,Bad Performance (lower accuracy),algorithm/method,Data preprocessing bugs
https://github.com/phillipi/pix2pix/issues/159,phillipi,pix2pix,159,Solo Repository,Yes,2016-11-16T22:48:50Z,2019-02-17T18:02:01Z,822,N/A,Lua,Yes,Yes,Data pipeline,"User ""fork""",Re-user,Basic defects,Crash,Non-functional defects,Training data quality
https://github.com/phillipi/pix2pix/issues/48,phillipi,pix2pix,48,Solo Repository,Yes,2016-11-16T22:48:50Z,2017-02-07T19:32:30Z,82,N/A,Lua,Yes,No,Data pipeline,"User ""fork""",Adaptor,Basic defects,Memory Exhaustion,External interface,GPU Usage Bug
https://github.com/pytorch/vision/issues/1042,pytorch,vision,1042,Zoo Repository,No,2016-11-09T23:11:43Z,2019-06-24T06:46:30Z,956,N/A,pytorch,Yes,No,Data pipeline,Replication,Adaptor,Evolutionary defects,Incorrect functionality,Algorithm/method,Corrupt Data
https://github.com/pytorch/vision/issues/105,pytorch,vision,105,Zoo Repository,No,2016-11-09T23:11:43Z,2017-03-14T11:41:56Z,124,N/A,pytorch,Yes,No,Data pipeline,Replication,Adaptor,Basic defects,Crash,Data structure,Data preprocessing bugs
https://github.com/pytorch/vision/issues/1409,pytorch,vision,1409,Zoo Repository,No,2016-11-09T23:11:43Z,2019-10-03T08:35:13Z,1057,"help wanted, module: documentation, module: transforms",pytorch,Yes,Yes,Data pipeline,Replication,Enhancer,Evolutionary defects,Other,Non-functional defects,Insufficient/incorrect documentation
https://github.com/pytorch/vision/issues/1414,pytorch,vision,1414,Zoo Repository,No,2016-11-09T23:11:43Z,2019-10-04T11:49:04Z,1058,"question, topic: binaries",pytorch,Yes,Yes,Environment,"User ""fork""",Re-user,Basic defects,Crash,Non-functional defects,API bugs: DL libraries
https://github.com/pytorch/vision/issues/1827,pytorch,vision,1827,Zoo Repository,No,2016-11-09T23:11:43Z,2020-01-28T17:28:45Z,1174,N/A,pytorch,Yes,No,Environment,"User ""fork""",Adaptor,Basic defects,Crash,External interface,API bugs: DL libraries
https://github.com/pytorch/vision/issues/1899,pytorch,vision,1899,Zoo Repository,No,2016-11-09T23:11:43Z,2020-02-19T04:39:52Z,1196,topic: binaries,pytorch,Yes,Yes,Environment,"User ""fork""",Re-user,Basic defects,Crash,External interface,API bugs: DL libraries
https://github.com/pytorch/vision/issues/2148,pytorch,vision,2148,Zoo Repository,No,2016-11-09T23:11:43Z,2020-04-27T11:54:31Z,1264,"enhancement, help wanted, high priority, modulel: documentation, module: ops",pytorch,Yes,Yes,Environment,"User ""fork""",Re-user,Basic defects,Crash,External interface,API bugs: DL libraries
https://github.com/pytorch/vision/issues/2262,pytorch,vision,2262,Zoo Repository,No,2016-11-09T23:11:43Z,2020-05-25T18:16:03Z,1292,"duplicate, help wanted, module: datasets",pytorch,Yes,Yes,Data pipeline,"User ""fork""",Re-user,Basic defects,Data corruption,Internal interface,Corrupt Data
https://github.com/pytorch/vision/issues/2490,pytorch,vision,2490,Zoo Repository,No,2016-11-09T23:11:43Z,2020-07-19T13:11:28Z,1347,"module: io, module: video",pytorch,Yes,No,Data pipeline,Replication,Enhancer,Evolutionary defects,Incorrect functionality,Internal interface,Data preprocessing bugs
https://github.com/pytorch/vision/issues/2822,pytorch,vision,2822,Zoo Repository,No,2016-11-09T23:11:43Z,2020-10-15T17:26:27Z,1435,topic: build,pytorch,Yes,Yes,Training,"User ""fork""",Re-user,Basic defects,Memory exhaustion,Memory exhaustion,GPU Usage Bug
https://github.com/pytorch/vision/issues/302,pytorch,vision,302,Zoo Repository,No,2016-11-09T23:11:43Z,2017-10-18T06:55:22Z,342,N/A,pytorch,Yes,No,Environment,"User ""fork""",Re-user,Basic defects,Crash,External interface,Training configurations
https://github.com/pytorch/vision/issues/3251,pytorch,vision,3251,Zoo Repository,No,2016-11-09T23:11:43Z,2021-01-14T10:42:31Z,1526,module: onnx,pytorch,Yes,Yes,Environment,Replication,Re-user,Basic defects,Crash,Internal interface,API bugs: DL libraries
https://github.com/pytorch/vision/issues/3751,pytorch,vision,3751,Zoo Repository,No,2016-11-09T23:11:43Z,2021-04-29T09:25:47Z,1631,topic: build,pytorch,Yes,Yes,Environment,Replication,Re-user,Basic defects,Crash,External interface,API bugs: DL libraries
https://github.com/pytorch/vision/issues/978,pytorch,vision,978,Zoo Repository,No,2016-11-09T23:11:43Z,2019-05-31T19:25:33Z,932,"module: models, question, topic: object detection",pytorch,No,Not mentioned,Training,"User ""fork""",Enhancer,Basic defects,Crash,Assignment/initialization,Training configurations
https://github.com/qqwweee/keras-yolo3/issues/165,qqwweee,keras-yolo3,165,Solo Repository,No,2018-04-03T03:36:21Z,2018-07-09T11:01:34Z,97,N/A,Keras,Yes,yes,Environment,Replication,Re-user,Basic defects,Crash,Internal interface,Environment configuration error
https://github.com/qqwweee/keras-yolo3/issues/30,qqwweee,keras-yolo3,30,Solo Repository,No,2018-04-03T03:36:21Z,2018-05-04T08:44:44Z,31,N/A,Keras,Yes,No,Training,"User ""fork""",Adaptor,Evolutionary defects,Numerical Instability,Algorithm/method,Loss function
https://github.com/qqwweee/keras-yolo3/issues/332,qqwweee,keras-yolo3,332,Solo Repository,No,2018-04-03T03:36:21Z,2019-01-27T16:21:03Z,299,N/A,Keras,Yes,Yes,Environment,"User ""fork""",Re-user,Basic defects,Crash,External interface,API bugs: DL libraries
https://github.com/qqwweee/keras-yolo3/issues/354,qqwweee,keras-yolo3,354,Solo Repository,No,2018-04-03T03:36:21Z,2019-02-27T02:35:03Z,329,N/A,Keras,Not mentioned,No,Training,"User ""fork""",Adaptor,Evolutionary defects,Bad Performance (lower accuracy),Algorithm/method,Evaluation
https://github.com/qqwweee/keras-yolo3/issues/45,qqwweee,keras-yolo3,45,Solo Repository,No,2018-04-03T03:36:21Z,2018-05-08T13:28:06Z,35,N/A,Keras,yes,No,Data pipeline,Replication,Adaptor,Evolutionary defects,Numerical instability,Algorithm/method,Loss function
https://github.com/qqwweee/keras-yolo3/issues/47,qqwweee,keras-yolo3,47,Solo Repository,No,2018-04-03T03:36:21Z,2018-05-10T08:15:37Z,37,N/A,Keras,Not mentioned,No,Training,"User ""fork""",Adaptor,Evolutionary defects,Bad Performance (lower accuracy),Assignment/initialization,Model/weight
https://github.com/qqwweee/keras-yolo3/issues/48,qqwweee,keras-yolo3,48,Solo Repository,No,2018-04-03T03:36:21Z,2018-05-10T10:11:49Z,37,N/A,Keras,Yes,Not mentioned,Modeling,"User ""fork""",Re-user,Basic defects,Crash,Assignment/initialization,Model/weight
https://github.com/qqwweee/keras-yolo3/issues/480,qqwweee,keras-yolo3,480,Solo Repository,No,2018-04-03T03:36:21Z,2019-06-10T01:11:28Z,432,N/A,Keras,Not mentioned,Not mentioned,Modeling,"User ""fork""",Re-user,Basic defects,Crash,Assignment/initialization,Model/weight
https://github.com/qqwweee/keras-yolo3/issues/544,qqwweee,keras-yolo3,544,Solo Repository,No,2018-04-03T03:36:21Z,2019-08-31T09:05:38Z,515,N/A,Keras,Not mentioned,Not mentioned,Environment,"User ""fork""",Re-user,Basic defects,Crash,External interface,API bugs: DL libraries
https://github.com/qqwweee/keras-yolo3/issues/546,qqwweee,keras-yolo3,546,Solo Repository,No,2018-04-03T03:36:21Z,2019-09-03T13:50:41Z,518,N/A,Keras,Yes,Not mentioned,Modeling,"User ""fork""",Re-user,Basic defects,Crash,Assignment/initialization,Model/weight
https://github.com/qqwweee/keras-yolo3/issues/55,qqwweee,keras-yolo3,55,Solo Repository,No,2018-04-03T03:36:21Z,2018-05-16T08:32:22Z,43,N/A,Keras,Not mentioned,No,Data pipeline,"User ""fork""",Adaptor,Basic defects,Crash,Internal interface,Corrupt data
https://github.com/qqwweee/keras-yolo3/issues/72,qqwweee,keras-yolo3,72,Solo Repository,No,2018-04-03T03:36:21Z,2018-05-27T16:58:49Z,54,N/A,Keras,Yes,Yes,Environment,"User ""fork""",Re-user,Reproducibility defects,Bad Performance (lower speed),External interface,GPU Usage Bug
https://github.com/qqwweee/keras-yolo3/issues/81,qqwweee,keras-yolo3,81,Solo Repository,No,2018-04-03T03:36:21Z,2018-06-02T09:55:32Z,60,N/A,Keras,Yes,Yes,Environment,"User ""fork""",Re-user,Basic defects,Crash,External interface,API bugs: DL libraries
https://github.com/qubvel/segmentation_models/issues/137,qubvel,segmentation_models,137,Zoo Repository,No,2018-06-05T13:27:56Z,2019-07-08T10:57:25Z,397,N/A,Keras,Yes,No,Data pipeline,"User ""fork""",Re-user,Basic defects,crash,Data structure,Data preprocessing bugs
https://github.com/qubvel/segmentation_models/issues/153,qubvel,segmentation_models,153,Zoo Repository,No,2018-06-05T13:27:56Z,2019-08-02T11:06:31Z,422,N/A,Keras,Not mentioned,no,Modeling,"User ""fork""",Adaptor,Basic defects,Crash,Internal interface,Model/weight
https://github.com/qubvel/segmentation_models/issues/167,qubvel,segmentation_models,167,Zoo Repository,No,2018-06-05T13:27:56Z,2019-08-10T12:31:43Z,430,N/A,Keras,Yes,Yes,Training,"User ""fork""",Re-user,Basic defects,Memory Exhaustion,Internal interface,GPU usage bug
https://github.com/qubvel/segmentation_models/issues/294,qubvel,segmentation_models,294,Zoo Repository,No,2018-06-05T13:27:56Z,2020-02-10T18:54:02Z,615,N/A,Keras,Yes,Not mentioned,Training,"User ""fork""",Re-user,Reproducibility defects,incorrect functionality,Assignment/initialization,Hyperparameters
https://github.com/qubvel/segmentation_models/issues/32,qubvel,segmentation_models,32,Zoo Repository,No,2018-06-05T13:27:56Z,2018-12-14T13:29:38Z,192,N/A,Keras,Not mentioned,no,Data pipeline,"User ""fork""",Adaptor,Basic defects,Crash,Assignment/initialization,Data preprocessing bugs
https://github.com/qubvel/segmentation_models/issues/80,qubvel,segmentation_models,80,Zoo Repository,No,2018-06-05T13:27:56Z,2019-03-20T17:21:21Z,288,N/A,Keras,Yes,Yes,Environment,"User ""fork""",Re-user,Basic defects,Crash,Internal interface,Environment configuration error
https://github.com/qubvel/segmentation_models/issues/9,qubvel,segmentation_models,9,Zoo Repository,No,2018-06-05T13:27:56Z,2018-09-10T17:53:58Z,97,N/A,Keras,yes,Not mentioned,Environment,"User ""fork""",Re-user,Basic defects,Crash,Internal interface,Environment configuration error
https://github.com/qubvel/segmentation_models/issues/90,qubvel,segmentation_models,90,Zoo Repository,No,2018-06-05T13:27:56Z,2019-04-17T08:07:16Z,315,Bug,Keras,No,Not mentioned,Training,Replication,Enhancer,Evolutionary defects,Bad Performance (lower accuracy),Internal interface,Other
https://github.com/rbgirshick/py-faster-rcnn/issues/130,rbgirshick,py-faster-rcnn,130,Solo Repository,No,2015-09-25T21:04:08Z,2016-03-27T03:51:05Z,183,N/A,Caffe,Yes,Yes,Environment,"User ""fork""",Re-user,Basic defects,Crash,External interface,GPU Usage Bug
https://github.com/rbgirshick/py-faster-rcnn/issues/159,rbgirshick,py-faster-rcnn,159,Solo Repository,No,2015-09-25T21:04:08Z,2016-04-26T11:00:00Z,213,N/A,Caffe,Yes,Not mentioned,Data pipeline,"User ""fork""",Re-user,Basic defects,Crash,Assignment/initialization,Layer properties
https://github.com/rbgirshick/py-faster-rcnn/issues/161,rbgirshick,py-faster-rcnn,161,Solo Repository,No,2015-09-25T21:04:08Z,2016-04-28T08:55:04Z,215,N/A,Caffe,No,No,Data pipeline,"User ""fork""",Adaptor,Basic defects,Crash,Data structure,Corrupt Data
https://github.com/rbgirshick/py-faster-rcnn/issues/2,rbgirshick,py-faster-rcnn,2,Solo Repository,No,2015-09-25T21:04:08Z,2015-10-08T04:52:18Z,12,N/A,Caffe,Yes,No,Environment,"User ""fork""",Enhancer,Basic defects,Crash,External interface,GPU Usage Bug
https://github.com/rbgirshick/py-faster-rcnn/issues/237,rbgirshick,py-faster-rcnn,237,Solo Repository,No,2015-09-25T21:04:08Z,2016-07-01T03:42:51Z,279,N/A,Caffe,Yes,Not mentioned,Environment,Replication,Enhancer,Basic defects,Crash,External interface,GPU Usage Bug
https://github.com/rbgirshick/py-faster-rcnn/issues/238,rbgirshick,py-faster-rcnn,238,Solo Repository,No,2015-09-25T21:04:08Z,2016-07-01T03:47:17Z,279,N/A,Caffe,Yes,Yes,Training,"User ""fork""",Re-user,Basic defects,Crash,Assignment/initialization,Hyperparameters
https://github.com/rbgirshick/py-faster-rcnn/issues/267,rbgirshick,py-faster-rcnn,267,Solo Repository,No,2015-09-25T21:04:08Z,2016-07-21T10:00:59Z,299,N/A,Caffe,No,No,Modeling,"User ""fork""",Enhancer,Evolutionary defects,Other,Algorithm/method,Layer properties
https://github.com/rbgirshick/py-faster-rcnn/issues/427,rbgirshick,py-faster-rcnn,427,Solo Repository,No,2015-09-25T21:04:08Z,2016-12-05T10:18:09Z,436,N/A,Caffe,Yes,Yes,Environment,"User ""fork""",Re-user,Basic defects,Crash,External interface,API bugs: DL libraries
https://github.com/rbgirshick/py-faster-rcnn/issues/480,rbgirshick,py-faster-rcnn,480,Solo Repository,No,2015-09-25T21:04:08Z,2017-02-06T09:44:46Z,499,N/A,Caffe,Yes,Yes,Environment,"User ""fork""",Re-user,Basic defects,Crash,External interface,API bugs: DL libraries
https://github.com/rbgirshick/py-faster-rcnn/issues/481,rbgirshick,py-faster-rcnn,481,Solo Repository,No,2015-09-25T21:04:08Z,2017-02-07T23:17:14Z,501,N/A,Caffe,Yes,No,Environment,"User ""fork""",Adaptor,Basic defects,Crash,External interface,API bugs: DL libraries
https://github.com/rbgirshick/py-faster-rcnn/issues/509,rbgirshick,py-faster-rcnn,509,Solo Repository,No,2015-09-25T21:04:08Z,2017-03-02T03:12:36Z,523,N/A,Caffe,Yes,Yes,Environment,"User ""fork""",Re-user,Basic defects,Crash,Internal interface,API bugs: DL libraries
https://github.com/rbgirshick/py-faster-rcnn/issues/586,rbgirshick,py-faster-rcnn,586,Solo Repository,No,2015-09-25T21:04:08Z,2017-05-22T05:54:49Z,604,N/A,Caffe,Yes,No,Training,"User ""fork""",Adaptor,Evolutionary defects,Other,Non-functional defects,Training configurations
https://github.com/rbgirshick/py-faster-rcnn/issues/591,rbgirshick,py-faster-rcnn,591,Solo Repository,No,2015-09-25T21:04:08Z,2017-05-25T09:59:48Z,607,N/A,Caffe,Yes,No,Data pipeline,"User ""fork""",Re-user,Evolutionary defects,Bad performance (lower accuracy),Algorithm/method,Layer properties
https://github.com/rbgirshick/py-faster-rcnn/issues/62,rbgirshick,py-faster-rcnn,62,Solo Repository,No,2015-09-25T21:04:08Z,2016-01-14T01:46:19Z,110,N/A,Caffe,No,Yes,Modeling,"User ""fork""",Enhancer,Evolutionary defects,Bad Performance (lower accuracy),Algorithm/method,Network Structure
https://github.com/rbgirshick/py-faster-rcnn/issues/65,rbgirshick,py-faster-rcnn,65,Solo Repository,No,2015-09-25T21:04:08Z,2016-01-14T17:31:03Z,110,N/A,Caffe,Yes,No,Training,"User ""fork""",Adaptor,Basic defects,Numerical Instability,Assignment/initialization,Training configurations
https://github.com/rbgirshick/py-faster-rcnn/issues/8,rbgirshick,py-faster-rcnn,8,Solo Repository,No,2015-09-25T21:04:08Z,2015-10-28T04:23:05Z,32,N/A,Caffe,Yes,Yes,Environment,"User ""fork""",Re-user,Basic defects,Crash,Non-functional defects,Low frequency type
https://github.com/rbgirshick/py-faster-rcnn/issues/9,rbgirshick,py-faster-rcnn,9,Solo Repository,No,2015-09-25T21:04:08Z,2015-11-01T16:34:24Z,36,N/A,Caffe,No,No,Data pipeline,"User ""fork""",Adaptor,Basic defects,Hang,Assignment/initialization,Training Data Quality
https://github.com/rwightman/pytorch-image-models/issues/316,rwightman,pytorch-image-models,316,Zoo Repository,No,2019-02-02T05:51:12Z,2020-12-20T04:40:23Z,686,N/A,pytorch,Yes,Yes,Environment,"User ""fork""",Re-user,Basic defects,Crash,Internal interface,Environment configuration error
https://github.com/rwightman/pytorch-image-models/issues/45,rwightman,pytorch-image-models,45,Zoo Repository,No,2019-02-02T05:51:12Z,2019-10-21T21:22:38Z,261,N/A,pytorch,Yes,Yes,Training,Replication,Re-user,Reproducibility defects,Bad Performance (lower accuracy),Assignment/initialization,Hyperparameters
https://github.com/rwightman/pytorch-image-models/issues/72,rwightman,pytorch-image-models,72,Zoo Repository,No,2019-02-02T05:51:12Z,2020-01-08T14:57:35Z,340,N/A,PyTorch,yes,yes,Training,"User ""fork""",Re-user,Basic defects,Memory Exhaustion,Algorithm/method,GPU Usage Bug
https://github.com/rwightman/pytorch-image-models/issues/8,rwightman,pytorch-image-models,8,Zoo Repository,No,2019-02-02T05:51:12Z,2019-06-04T02:32:19Z,121,N/A,pytorch,No,Yes,Data pipeline,Replication,Re-user,Evolutionary defects,Bad Performance (lower accuracy),Algorithm/method,Training data quality
https://github.com/rwightman/pytorch-image-models/issues/80,rwightman,pytorch-image-models,80,Zoo Repository,No,2019-02-02T05:51:12Z,2020-02-03T21:33:18Z,366,N/A,PyTorch,Yes,no,Training,"User ""fork""",Adaptor,Basic defects,Memory Exhaustion,Algorithm/method,GPU Usage Bug
https://github.com/ShaoqingRen/faster_rcnn/issues/45,ShaoqingRen,faster_rcnn,45,Solo Repository,Yes,2015-08-06T06:38:25Z,2015-12-04T19:06:21Z,120,N/A,caffe,Yes,Yes,Modeling,"User ""fork""",Re-user,Basic defects,Crash,Algorithm/method,Low frequency type
https://github.com/ShaoqingRen/faster_rcnn/issues/55,ShaoqingRen,faster_rcnn,55,Solo Repository,Yes,2015-08-06T06:38:25Z,2016-01-06T04:37:22Z,152,N/A,caffe,Yes,Yes,Environment,"User ""fork""",Re-user,Basic defects,Crash,External interface,GPU Usage Bug
https://github.com/ShaoqingRen/faster_rcnn/issues/58,ShaoqingRen,faster_rcnn,58,Solo Repository,Yes,2015-08-06T06:38:25Z,2016-01-08T21:27:20Z,155,N/A,caffe,Yes,Yes,Environment,"User ""fork""",Re-user,Basic defects,Crash,External interface,Environment configuration error
https://github.com/ShaoqingRen/faster_rcnn/issues/7,ShaoqingRen,faster_rcnn,7,Solo Repository,Yes,2015-08-06T06:38:25Z,2015-09-14T20:00:28Z,39,N/A,caffe,yes,Not mentioned,Environment,Replication,Re-user,Basic defects,Crash,Internal interface,API bugs: other
https://github.com/tensorflow/models/issues/1050,tensorflow,models,1050,Zoo Repository,No,2016-02-05T01:15:20Z,2017-02-21T20:48:02Z,382,stat:awaiting model gardener,tensorflow,yes,Not mentioned,Environment,"User ""fork""",Re-user,Basic defects,crash,Non-functional defects,Insufficient/incorrect documentation
https://github.com/tensorflow/models/issues/1064,tensorflow,models,1064,Zoo Repository,No,2016-02-05T01:15:20Z,2017-02-24T08:19:24Z,385,N/A,tensorflow,Yes,Yes,Environment,"User ""fork""",Re-user,Basic defects,Crash,External interface,API bugs: DL libraries
https://github.com/tensorflow/models/issues/1082,tensorflow,models,1082,Zoo Repository,No,2016-02-05T01:15:20Z,2017-02-28T15:01:41Z,389,stat:awaiting response,tensorflow,yes,Not mentioned,Data pipeline,"User ""fork""",Re-user,Basic defects,numerical instability,Logic,Low frequency type
https://github.com/tensorflow/models/issues/1200,tensorflow,models,1200,Zoo Repository,No,2016-02-05T01:15:20Z,2017-03-17T23:10:38Z,406,stat:awaiting model gardener,tensorflow,yes,Not mentioned,Environment,"User ""fork""",Re-user,Basic defects,crash,Internal interface,Other
https://github.com/tensorflow/models/issues/1251,tensorflow,models,1251,Zoo Repository,No,2016-02-05T01:15:20Z,2017-03-24T01:44:07Z,413,help wanted,tensorflow,yes,Not mentioned,Environment,Replication,Enhancer,Evolutionary defects,incorrect functionality,Data structure,Corrupt data
https://github.com/tensorflow/models/issues/1278,tensorflow,models,1278,Zoo Repository,No,2016-02-05T01:15:20Z,2017-03-30T17:58:10Z,419,N/A,tensorflow,Yes,No,Data Pipeline,"User ""fork""",Adaptor,Basic defects,Crash,Assignment/initialization,Data preprocessing bugs
https://github.com/tensorflow/models/issues/1595,tensorflow,models,1595,Zoo Repository,No,2016-02-05T01:15:20Z,2017-06-17T17:44:03Z,498,N/A,TensorFlow,Yes,Yes,Environment,"User ""fork""",Re-user,Basic defects,Crash,Internal interface,Environment configuration error
https://github.com/tensorflow/models/issues/1604,tensorflow,models,1604,Zoo Repository,No,2016-02-05T01:15:20Z,2017-06-19T02:28:17Z,500,N/A,tensorflow,Yes,Yes,Environment,"User ""fork""",Re-user,Basic defects,Crash,External interface,API bugs: DL libraries
https://github.com/tensorflow/models/issues/1698,tensorflow,models,1698,Zoo Repository,No,2016-02-05T01:15:20Z,2017-06-20T13:43:10Z,501,stat: awaiting response,tensorflow,Yes,Yes,Environment,"User ""fork""",Re-user,Basic defects,Crash,External interface,API bugs: DL libraries
https://github.com/tensorflow/models/issues/1715,tensorflow,models,1715,Zoo Repository,No,2016-02-05T01:15:20Z,2017-06-21T08:34:55Z,502,N/A,tensorflow,Yes,Yes,Training,Replication,Enhancer,Evolutionary defects,Bad Performance (lower speed),Timing/optimization,Low frequency type
https://github.com/tensorflow/models/issues/1836,tensorflow,models,1836,Zoo Repository,No,2016-02-05T01:15:20Z,2017-07-02T23:14:43Z,513,"type:support, stat:awaiting response",tensorflow,Yes,Yes,Training,"User ""fork""",Re-user,Basic defects,Crash,Non-functional defects,Training configurations
https://github.com/tensorflow/models/issues/1957,tensorflow,models,1957,Zoo Repository,No,2016-02-05T01:15:20Z,2017-07-14T10:21:00Z,525,N/A,tensorflow,Yes,Yes,Training,"User ""fork""",Re-user,Basic defects,Crash,Non-functional defects,Other
https://github.com/tensorflow/models/issues/2088,tensorflow,models,2088,Zoo Repository,No,2016-02-05T01:15:20Z,2017-08-01T19:55:30Z,543,N/A,tensorflow,Yes,Yes,Environment,"User ""fork""",Re-user,Basic defects,Crash,Internal interface,API bugs: other
https://github.com/tensorflow/models/issues/2137,tensorflow,models,2137,Zoo Repository,No,2016-02-05T01:15:20Z,2017-08-06T09:43:55Z,548,"stat: awaiting model gardener, type: bug",tensorflow,No,No,Modeling,"User ""fork""",Adaptor,Evolutionary defects,Crash,Non-functional defects,Model/weight
https://github.com/tensorflow/models/issues/2231,tensorflow,models,2231,Zoo Repository,No,2016-02-05T01:15:20Z,2017-08-17T05:51:30Z,559,N/A,TensorFlow,Yes,No,Environment,"User ""fork""",Adaptor,Basic defects,Crash,Internal interface,Environment configuration error
https://github.com/tensorflow/models/issues/2312,tensorflow,models,2312,Zoo Repository,No,2016-02-05T01:15:20Z,2017-08-30T13:38:16Z,572,"stat: community support, type: support",tensorflow,Yes,Yes,Data pipeline,"User ""fork""",Re-user,Basic defects,Crash,Assignment/initialization,Training configurations
https://github.com/tensorflow/models/issues/2675,tensorflow,models,2675,Zoo Repository,No,2016-02-05T01:15:20Z,2017-11-01T06:38:45Z,635,stat: awaiting response,tensorflow,Yes,Yes,Environment,"User ""fork""",Re-user,Basic defects,Crash,Internal interface,Model/weight
https://github.com/tensorflow/models/issues/2676,tensorflow,models,2676,Zoo Repository,No,2016-02-05T01:15:20Z,2017-11-01T07:36:50Z,635,N/A,TensorFlow,Yes,Yes,Environment,"User ""fork""",Re-user,Basic defects,Crash,Internal interface,Environment configuration error
https://github.com/tensorflow/models/issues/2803,tensorflow,models,2803,Zoo Repository,No,2016-02-05T01:15:20Z,2017-11-15T15:53:33Z,649,stat: awaiting model gardener,tensorflow,Yes,Yes,Environment,"User ""fork""",Re-user,Basic defects,Crash,External interface,GPU Usage Bug
https://github.com/tensorflow/models/issues/3031,tensorflow,models,3031,Zoo Repository,No,2016-02-05T01:15:20Z,2017-12-20T08:32:58Z,684,N/A,tensorflow,yes,Not mentioned,Training,Replication,Adaptor,Evolutionary defects,incorrect functionality,Non-functional defects,Insufficient/incorrect documentation
https://github.com/tensorflow/models/issues/3289,tensorflow,models,3289,Zoo Repository,No,2016-02-05T01:15:20Z,2018-02-01T00:01:48Z,726,N/A,tensorflow,Yes,Yes,Environment,Replication,Re-user,Basic defects,Crash,External interface,API bugs: other
https://github.com/tensorflow/models/issues/3291,tensorflow,models,3291,Zoo Repository,No,2016-02-05T01:15:20Z,2018-02-01T00:25:34Z,726,stat: awaiting model gardener,tensorflow,Yes,Yes,Environment,"User ""fork""",Re-user,Basic defects,Crash,External interface,Low frequency type
https://github.com/tensorflow/models/issues/3307,tensorflow,models,3307,Zoo Repository,No,2016-02-05T01:15:20Z,2018-02-02T11:28:42Z,728,N/A,tensorflow,No,Yes,Environment,"User ""fork""",Enhancer,Evolutionary defects,Numerical instability,External interface,API bugs: DL libraries
https://github.com/tensorflow/models/issues/3311,tensorflow,models,3311,Zoo Repository,No,2016-02-05T01:15:20Z,2018-02-02T22:15:23Z,728,stat: awaiting response,tensorflow,Yes,Yes,Environment,Replication,Enhancer,Evolutionary defects,Bad Performance (lower speed),External interface,GPU Usage Bug
https://github.com/tensorflow/models/issues/3331,tensorflow,models,3331,Zoo Repository,No,2016-02-05T01:15:20Z,2018-02-06T15:58:01Z,732,N/A,tensorflow,yes,Not mentioned,Environment,"User ""fork""",Re-user,Basic defects,crash,Data structure,API bugs: DL libraries
https://github.com/tensorflow/models/issues/337,tensorflow,models,337,Zoo Repository,No,2016-02-05T01:15:20Z,2016-08-24T00:31:37Z,200,N/A,TensorFlow,Yes,Not mentioned,Environment,"User ""fork""",Re-user,Basic defects,Crash,External interface,Environment configuration error
https://github.com/tensorflow/models/issues/3387,tensorflow,models,3387,Zoo Repository,No,2016-02-05T01:15:20Z,2018-02-15T01:07:02Z,740,stat: awaiting response,tensorflow,Yes,Yes,Training,"User ""fork""",Re-user,Basic defects,Crash,Syntax error,Training configurations
https://github.com/tensorflow/models/issues/3673,tensorflow,models,3673,Zoo Repository,No,2016-02-05T01:15:20Z,2018-03-20T18:43:57Z,774,N/A,tensorflow,yes,yes,Environment,"User ""fork""",Re-user,Reproducibility defects,Bad Performance (lower accuracy),Internal interface,Environment configuration error
https://github.com/tensorflow/models/issues/3716,tensorflow,models,3716,Zoo Repository,No,2016-02-05T01:15:20Z,2018-03-23T10:54:23Z,777,N/A,tensorflow,Yes,Yes,Data pipeline,"User ""fork""",Re-user,Basic defects,Crash,Internal interface,Data preprocessing bugs
https://github.com/tensorflow/models/issues/3872,tensorflow,models,3872,Zoo Repository,No,2016-02-05T01:15:20Z,2018-04-04T12:30:42Z,789,N/A,tensorflow,yes,no ,Environment,"User ""fork""",Adaptor,Basic defects,crash,External interface,API bugs: DL libraries
https://github.com/tensorflow/models/issues/3882,tensorflow,models,3882,Zoo Repository,No,2016-02-05T01:15:20Z,2018-04-05T11:04:56Z,790,N/A,tensorflow,yes,yes,Environment,"User ""fork""",Re-user,Reproducibility defects,Bad Performance (lower accuracy),External interface,GPU Usage Bug
https://github.com/tensorflow/models/issues/3937,tensorflow,models,3937,Zoo Repository,No,2016-02-05T01:15:20Z,2018-04-10T13:35:51Z,795,stat:awaiting model gardener,tensorflow,Yes,No,Environment,Replication,Adaptor,Evolutionary defects,Crash,External interface,API bugs: DL libraries
https://github.com/tensorflow/models/issues/394,tensorflow,models,394,Zoo Repository,No,2016-02-05T01:15:20Z,2016-09-07T05:21:09Z,215,stat: awaiting response,tensorflow,Yes,Yes,Environment,"User ""fork""",Re-user,Basic defects,Crash,External interface,API bugs: DL libraries
https://github.com/tensorflow/models/issues/4114,tensorflow,models,4114,Zoo Repository,No,2016-02-05T01:15:20Z,2018-04-28T02:58:46Z,813,stat: awaiting response,tensorflow,Yes,Yes,Environment,"User ""fork""",Re-user,Basic defects,Crash,External interface,API bugs: DL libraries
https://github.com/tensorflow/models/issues/4285,tensorflow,models,4285,Zoo Repository,No,2016-02-05T01:15:20Z,2018-05-17T08:43:47Z,832,N/A,tensorflow,Yes,Yes,Environment,Replication,Enhancer,Evolutionary defects,Bad Performance (lower speed),External interface,GPU Usage Bug
https://github.com/tensorflow/models/issues/4524,tensorflow,models,4524,Zoo Repository,No,2016-02-05T01:15:20Z,2018-06-13T17:55:59Z,859,N/A,tensorflow,Yes,No,Training,"User ""fork""",Adaptor,Basic defects,Crash,Algorithm/method,Hyperparameters
https://github.com/tensorflow/models/issues/4774,tensorflow,models,4774,Zoo Repository,No,2016-02-05T01:15:20Z,2018-07-15T13:20:29Z,891,stat:awaiting maintainer,tensorflow,no,Not mentioned,Environment,Replication,Enhancer,Evolutionary defects,Bad Performance (lower speed),Timing/optimization,GPU usage bug
https://github.com/tensorflow/models/issues/4780,tensorflow,models,4780,Zoo Repository,No,2016-02-05T01:15:20Z,2018-07-16T14:44:04Z,892,N/A,tensorflow,yes,no,Environment,Replication,Adaptor,Basic defects,crash,External interface,API bugs: other
https://github.com/tensorflow/models/issues/5391,tensorflow,models,5391,Zoo Repository,No,2016-02-05T01:15:20Z,2018-09-27T12:16:47Z,965,N/A,tensorflow,yes,yes,Data pipeline,"User ""fork""",Re-user,Basic defects,crash,Internal interface,Training data quality
https://github.com/tensorflow/models/issues/54,tensorflow,models,54,Zoo Repository,No,2016-02-05T01:15:20Z,2016-04-26T09:49:21Z,81,type:bug,tensorflow,yes,Not mentioned,Training,Replication,Enhancer,Evolutionary defects,Bad Performance (lower speed),Timing/optimization,GPU usage bug
https://github.com/tensorflow/models/issues/5633,tensorflow,models,5633,Zoo Repository,No,2016-02-05T01:15:20Z,2018-10-29T13:30:31Z,997,N/A,tensorflow,Yes,Yes,Environment,Replication,Re-user,Basic defects,Crash,External interface,Environment configuration error
https://github.com/tensorflow/models/issues/5851,tensorflow,models,5851,Zoo Repository,No,2016-02-05T01:15:20Z,2018-12-02T16:36:04Z,1031,N/A,tensorflow,Yes,Yes,Environment,"User ""fork""",Re-user,Basic defects,Incorrect Functionality,Non-functional defects,Low frequency type
https://github.com/tensorflow/models/issues/6043,tensorflow,models,6043,Zoo Repository,No,2016-02-05T01:15:20Z,2019-01-14T15:40:13Z,1074,models: research,tensorflow,Yes,Yes,Training,"User ""fork""",Re-user,Basic defects,Numerical instability,Assignment/initialization,Loss Function
https://github.com/tensorflow/models/issues/6173,tensorflow,models,6173,Zoo Repository,No,2016-02-05T01:15:20Z,2019-02-08T15:46:47Z,1099,N/A,TensorFlow,Yes,Yes,Data pipeline,"User ""fork""",Re-user,Reproducibility defects,other,Non-functional defects,Insufficient/incorrect documentation
https://github.com/tensorflow/models/issues/816,tensorflow,models,816,Zoo Repository,No,2016-02-05T01:15:20Z,2016-12-26T18:21:50Z,325,N/A,tensorflow,yes,no,Modeling,"User ""fork""",Adaptor,Basic defects,incorrect functionality,Non-functional defects,Model/weight
https://github.com/tensorflow/models/issues/8265,tensorflow,models,8265,Zoo Repository,No,2016-02-05T01:15:20Z,2020-03-11T01:27:10Z,1496,type: support,tensorflow,Yes,Yes,Environment,"User ""fork""",Re-user,Basic defects,Crash,Internal interface,Data preprocessing bugs
https://github.com/tensorflow/models/issues/8357,tensorflow,models,8357,Zoo Repository,No,2016-02-05T01:15:20Z,2020-04-03T10:00:52Z,1519,"models: official, type: bug",tensorflow,Yes,Yes,Modeling,Replication,Re-user,Basic defects,Crash,Algorithm/method,Model/weight
https://github.com/tensorflow/models/issues/836,tensorflow,models,836,Zoo Repository,No,2016-02-05T01:15:20Z,2017-01-01T22:33:27Z,331,type:bug,tensorflow,Yes,Yes,Environment,"User ""fork""",Re-user,Basic defects,Crash,Internal interface,API bugs: DL libraries
https://github.com/tensorflow/models/issues/8532,tensorflow,models,8532,Zoo Repository,No,2016-02-05T01:15:20Z,2020-05-19T03:11:29Z,1565,stat:awaiting model gardener,tensorflow,Yes,Yes,Data pipeline,"User ""fork""",Re-user,Basic defects,Crash,Algorithm/method,Corrupt Data
https://github.com/tensorflow/models/issues/8579,tensorflow,models,8579,Zoo Repository,No,2016-02-05T01:15:20Z,2020-05-27T11:19:26Z,1573,"models:official, stalled, stat:awaiting response, type:support",tensorflow,yes,yes,Modeling,"User ""fork""",Re-user,Basic defects,crash,Assignment/initialization,Model/weight
https://github.com/tensorflow/models/issues/9625,tensorflow,models,9625,Zoo Repository,No,2016-02-05T01:15:20Z,2021-01-12T04:26:16Z,1803,"model: research, type: bug",tensorflow,Yes,Yes,Environment,"User ""fork""",Re-user,Basic defects,Crash,External interface,API bugs: DL libraries
https://github.com/ultralytics/yolov3/issues/104,ultralytics,yolov3,104,Solo Repository,No,2018-08-26T08:57:20Z,2019-02-21T08:38:58Z,178,N/A,Pytorch,Yes,Not mentioned,Environment,"User ""fork""",Re-user,Basic defects,Crash,Internal interface,Other
https://github.com/ultralytics/yolov3/issues/1074,ultralytics,yolov3,1074,Solo Repository,No,2018-08-26T08:57:20Z,2020-04-20T13:41:56Z,603,"stale, bug",Pytorch,Yes,Yes,Training,"User ""fork""",Re-user,Basic defects,Crash,Non-functional defects,Evaluation
https://github.com/ultralytics/yolov3/issues/1097,ultralytics,yolov3,1097,Solo Repository,No,2018-08-26T08:57:20Z,2020-04-25T23:13:12Z,608,"stale, bug",Pytorch,Yes,Not mentioned,Training,"User ""fork""",Re-user,Basic defects,Crash,Assignment/initialization,Training configurations
https://github.com/ultralytics/yolov3/issues/1172,ultralytics,yolov3,1172,Solo Repository,No,2018-08-26T08:57:20Z,2020-05-13T17:10:04Z,626,bug,Pytorch,No,No,Environment,"User ""fork""",Adaptor,Basic defects,Numerical Instability,External interface,API bugs: DL libraries
https://github.com/ultralytics/yolov3/issues/1251,ultralytics,yolov3,1251,Solo Repository,No,2018-08-26T08:57:20Z,2020-05-28T19:55:41Z,641,"stale, bug",Pytorch,Yes,No,Training,"User ""fork""",Adaptor,Evolutionary defects,Bad Performance (lower speed),Timing/optimization,Evaluation
https://github.com/ultralytics/yolov3/issues/146,ultralytics,yolov3,146,Solo Repository,No,2018-08-26T08:57:20Z,2019-03-21T07:05:29Z,206,bug,Pytorch,Yes,Yes,Training,Replication,Enhancer,Evolutionary defects,Bad Performance (lower accuracy),Assignment/initialization,GPU Usage Bug
https://github.com/ultralytics/yolov3/issues/171,ultralytics,yolov3,171,Solo Repository,No,2018-08-26T08:57:20Z,2019-03-27T16:14:35Z,213,bug,Pytorch,Yes,Yes,Training,"User ""fork""",Re-user,Reproducibility defects,Bad Performance (lower accuracy),Timing/optimization,Hyperparameters
https://github.com/ultralytics/yolov3/issues/197,ultralytics,yolov3,197,Solo Repository,No,2018-08-26T08:57:20Z,2019-04-08T02:59:32Z,224,bug,Pytorch,Yes,No,Training,"User ""fork""",Adaptor,Evolutionary defects,Bad Performance (lower accuracy),Assignment/initialization,Training configurations
https://github.com/ultralytics/yolov3/issues/2,ultralytics,yolov3,2,Solo Repository,No,2018-08-26T08:57:20Z,2018-09-03T16:39:58Z,8,"bug, help wanted",Pytorch,Yes,Yes,Training,Replication,Enhancer,Evolutionary defects,Bad Performance (lower accuracy),Assignment/initialization,Low frequency type
https://github.com/ultralytics/yolov3/issues/2,ultralytics,yolov3,2,Solo Repository,No,2018-08-26T08:57:20Z,2018-09-03T16:39:58Z,8,"bug, help wanted",Pytorch,No,Yes,Training,Replication,Replicator,Evolutionary defects,Bad Performance (lower accuracy),Algorithm/method,Low frequency type
https://github.com/ultralytics/yolov3/issues/2,ultralytics,yolov3,2,Solo Repository,No,2018-08-26T08:57:20Z,2018-09-03T16:39:58Z,8,"bug, help wanted",Pytorch,No,Yes,Training,Replication,Replicator,Evolutionary defects,Bad Performance (lower accuracy),Algorithm/method,Loss function
https://github.com/ultralytics/yolov3/issues/21,ultralytics,yolov3,21,Solo Repository,No,2018-08-26T08:57:20Z,2018-10-02T14:48:40Z,37,"bug, help wanted",Pytorch,Yes,Yes,Environment,Replication,Enhancer,Evolutionary defects,Crash,External interface,GPU Usage Bug
https://github.com/ultralytics/yolov3/issues/22,ultralytics,yolov3,22,Solo Repository,No,2018-08-26T08:57:20Z,2018-10-04T16:07:35Z,39,N/A,Pytorch,No,Yes,Training,Replication,Replicator,Evolutionary defects,Bad Performance (lower accuracy),Algorithm/method,Loss function
https://github.com/ultralytics/yolov3/issues/310,ultralytics,yolov3,310,Solo Repository,No,2018-08-26T08:57:20Z,2019-05-31T15:02:17Z,278,stale,Pytorch,Yes,Yes,Training,"User ""fork""",Re-user,Reproducibility defects,Bad Performance (lower accuracy),Timing/optimization,Hyperparameters
https://github.com/ultralytics/yolov3/issues/310,ultralytics,yolov3,310,Solo Repository,No,2018-08-26T08:57:20Z,2019-05-31T15:02:17Z,278,stale,Pytorch,Yes,Yes,Training,"User ""fork""",Re-user,Reproducibility defects,Bad Performance (lower accuracy),Algorithm/method,Loss function
https://github.com/ultralytics/yolov3/issues/412,ultralytics,yolov3,412,Solo Repository,No,2018-08-26T08:57:20Z,2019-08-01T14:09:54Z,340,bug,Pytorch,No,Not mentioned,Environment,"User ""fork""",Re-user,Basic defects,Incorrect Functionality,External interface,Environment configuration error
https://github.com/ultralytics/yolov3/issues/650,ultralytics,yolov3,650,Solo Repository,No,2018-08-26T08:57:20Z,2019-11-23T17:16:54Z,454,bug,Pytorch,Yes,No,Training,Replication,Enhancer,Basic defects,Crash,Non-functional defects,Insufficient/incorrect documentation
https://github.com/ultralytics/yolov3/issues/650,ultralytics,yolov3,650,Solo Repository,No,2018-08-26T08:57:20Z,2019-11-23T17:16:54Z,454,bug,Pytorch,Yes,No,Modeling,"User ""fork""",Adaptor,Basic defects,Crash,Assignment/initialization,Model/weight
https://github.com/ultralytics/yolov3/issues/678,ultralytics,yolov3,678,Solo Repository,No,2018-08-26T08:57:20Z,2019-12-03T00:06:19Z,463,bug,Pytorch,Yes,No,Data pipeline,"User ""fork""",Adaptor,Basic defects,Crash,Assignment/initialization,Data preprocessing bugs
https://github.com/ultralytics/yolov3/issues/842,ultralytics,yolov3,842,Solo Repository,No,2018-08-26T08:57:20Z,2020-02-11T09:46:20Z,534,"stale, bug",Pytorch,Yes,Yes,Training,"User ""fork""",Re-user,Reproducibility defects,Numerical Instability,Timing/optimization,Evaluation
https://github.com/ultralytics/yolov3/issues/95,ultralytics,yolov3,95,Solo Repository,No,2018-08-26T08:57:20Z,2019-02-18T08:36:24Z,175,N/A,Pytorch,Not mentioned,No,Environment,"User ""fork""",Adaptor,Basic defects,Incorrect Functionality,External interface,API bugs: DL libraries
https://github.com/ultralytics/yolov5/issues/1312,ultralytics,yolov5,1312,Solo Repository,Yes,2020-05-18T03:45:11Z,2020-11-06T11:19:41Z,172,"bug, question",Pytorch,Yes,No,Training,"User ""fork""",Enhancer,Basic defects,Crash,Assignment/initialization,Loss function
https://github.com/ultralytics/yolov5/issues/147,ultralytics,yolov5,147,Solo Repository,Yes,2020-05-18T03:45:11Z,2020-06-20T17:24:36Z,33,bug,Pytorch,Yes,No,Environment,"User ""fork""",Adaptor,Basic defects,Crash,Internal interface,GPU Usage Bug
https://github.com/ultralytics/yolov5/issues/1605,ultralytics,yolov5,1605,Solo Repository,Yes,2020-05-18T03:45:11Z,2020-12-05T06:44:40Z,201,question,Pytorch,Yes,No,Modeling,"User ""fork""",Adaptor,Basic defects,Crash,Internal interface,Model/weight
https://github.com/ultralytics/yolov5/issues/22,ultralytics,yolov5,22,Solo Repository,Yes,2020-05-18T03:45:11Z,2020-06-07T12:08:11Z,20,bug,Pytorch,No,No,Modeling,"User ""fork""",Adaptor,Basic defects,Crash,Internal interface,Model/weight
https://github.com/ultralytics/yolov5/issues/222,ultralytics,yolov5,222,Solo Repository,Yes,2020-05-18T03:45:11Z,2020-06-28T15:10:37Z,41,bug,Pytorch,No,No,Modeling,"User ""fork""",Re-user,Basic defects,Crash,External interface,Model/weight
https://github.com/ultralytics/yolov5/issues/264,ultralytics,yolov5,264,Solo Repository,Yes,2020-05-18T03:45:11Z,2020-07-02T03:48:06Z,45,enhancement,Pytorch,No,Yes,Training,Replication,Enhancer,Evolutionary defects,Bad Performance (lower speed),Timing/optimization,GPU Usage Bug
https://github.com/ultralytics/yolov5/issues/264,ultralytics,yolov5,264,Solo Repository,Yes,2020-05-18T03:45:11Z,2020-07-02T03:48:06Z,45,enhancement,Pytorch,No,Yes,Modeling,Replication,Enhancer,Evolutionary defects,Bad Performance (lower accuracy),Timing/optimization,Low frequency type
https://github.com/ultralytics/yolov5/issues/279,ultralytics,yolov5,279,Solo Repository,Yes,2020-05-18T03:45:11Z,2020-07-03T08:42:24Z,46,bug,Pytorch,Yes,Not mentioned,Environment,"User ""fork""",Re-user,Basic defects,Crash,Internal interface,GPU Usage Bug
https://github.com/ultralytics/yolov5/issues/292,ultralytics,yolov5,292,Solo Repository,Yes,2020-05-18T03:45:11Z,2020-07-04T04:54:21Z,47,bug,Pytorch,Yes,Not mentioned,Training,"User ""fork""",Re-user,Reproducibility defects,Incorrect Functionality,Algorithm/method,Hyperparameters
https://github.com/ultralytics/yolov5/issues/312,ultralytics,yolov5,312,Solo Repository,Yes,2020-05-18T03:45:11Z,2020-07-06T15:13:11Z,49,stale,Pytorch,Yes,Yes,Training,"User ""fork""",Re-user,Reproducibility defects,Incorrect Functionality,Assignment/initialization,Evaluation
https://github.com/ultralytics/yolov5/issues/324,ultralytics,yolov5,324,Solo Repository,Yes,2020-05-18T03:45:11Z,2020-07-08T09:41:58Z,51,"bug, question",Pytorch,Yes,No,Data pipeline,Research Prototype,Adaptor,Evolutionary defects,Incorrect Functionality,Data structure,Data preprocessing bugs
https://github.com/ultralytics/yolov5/issues/343,ultralytics,yolov5,343,Solo Repository,Yes,2020-05-18T03:45:11Z,2020-07-10T03:15:34Z,52,question,Pytorch,Yes,Yes,Training,"User ""fork""",Re-user,Reproducibility defects,Bad Performance (lower speed),Timing/optimization,Evaluation
https://github.com/ultralytics/yolov5/issues/41,ultralytics,yolov5,41,Solo Repository,Yes,2020-05-18T03:45:11Z,2020-06-12T06:40:33Z,25,"stale, bug",Pytorch,Yes,Not mentioned,Environment,"User ""fork""",Re-user,Basic defects,Crash,External interface,GPU Usage Bug
https://github.com/ultralytics/yolov5/issues/444,ultralytics,yolov5,444,Solo Repository,Yes,2020-05-18T03:45:11Z,2020-07-19T02:50:47Z,61,N/A,Pytorch,Yes,Yes,Environment,"User ""fork""",Re-user,Basic defects,Crash,Memory exhaustion,GPU Usage Bug
https://github.com/ultralytics/yolov5/issues/447,ultralytics,yolov5,447,Solo Repository,Yes,2020-05-18T03:45:11Z,2020-07-19T13:44:44Z,62,bug,Pytorch,Yes,Not mentioned,Training,Research Prototype,Enhancer,Evolutionary defects,Incorrect Functionality,Assignment/initialization,Training configurations
https://github.com/ultralytics/yolov5/issues/459,ultralytics,yolov5,459,Solo Repository,Yes,2020-05-18T03:45:11Z,2020-07-21T02:39:48Z,63,bug,Pytorch,No,No,Modeling,Research Prototype,Enhancer,Evolutionary defects,Incorrect Functionality,Algorithm/method,Model/weight
https://github.com/ultralytics/yolov5/issues/58,ultralytics,yolov5,58,Solo Repository,Yes,2020-05-18T03:45:11Z,2020-06-14T14:26:01Z,27,"stale, bug",Pytorch,Yes,Not mentioned,Environment,"User ""fork""",Re-user,Basic defects,Crash,Internal interface,API bugs: DL libraries
https://github.com/ultralytics/yolov5/issues/6,ultralytics,yolov5,6,Solo Repository,Yes,2020-05-18T03:45:11Z,2020-06-01T12:42:09Z,14,stale,Pytorch,Yes,Yes,Data pipeline,"User ""fork""",Re-user,Reproducibility defects,Bad Performance (lower accuracy),Internal interface,Evaluation
https://github.com/ultralytics/yolov5/issues/6,ultralytics,yolov5,6,Solo Repository,Yes,2020-05-18T03:45:11Z,2020-06-01T12:42:09Z,14,stale,Pytorch,Yes,Yes,Training,"User ""fork""",Re-user,Reproducibility defects,Bad speed-performance balance,Assignment/initialization,Hyperparameters
https://github.com/ultralytics/yolov5/issues/773,ultralytics,yolov5,773,Solo Repository,Yes,2020-05-18T03:45:11Z,2020-08-18T09:09:27Z,92,bug,Pytorch,Not mentioned,Not mentioned,Environment,"User ""fork""",Re-user,Basic defects,Crash,External interface,API bugs: DL libraries
https://github.com/ultralytics/yolov5/issues/854,ultralytics,yolov5,854,Solo Repository,Yes,2020-05-18T03:45:11Z,2020-08-27T06:22:38Z,101,question,Pytorch,Yes,No,Environment,"User ""fork""",Enhancer,Evolutionary defects,Bad Performance (lower speed),Internal interface,Environment configuration error
https://github.com/xingyizhou/CenterNet/issues/172,xingyizhou,CenterNet,172,Solo Repository,Yes,2019-04-16T18:39:13Z,2019-06-27T09:18:22Z,71,N/A,pytorch,Yes,Yes,Environment,"User ""fork""",Re-user,Basic defects,Crash,External interface,API bugs: DL libraries
https://github.com/xingyizhou/CenterNet/issues/256,xingyizhou,CenterNet,256,Solo Repository,Yes,2019-04-16T18:39:13Z,2019-08-07T09:11:22Z,112,N/A,pytorch,yes,yes,Training,"User ""fork""",Re-user,Reproducibility defects,Bad Performance (lower accuracy),Other,Other
https://github.com/xingyizhou/CenterNet/issues/28,xingyizhou,CenterNet,28,Solo Repository,Yes,2019-04-16T18:39:13Z,2019-04-24T14:38:34Z,7,N/A,pytorch,yes,no,Data pipeline,"User ""fork""",Adaptor,Basic defects,Crash,Data structure,Data preprocessing bugs
https://github.com/xingyizhou/CenterNet/issues/284,xingyizhou,CenterNet,284,Solo Repository,Yes,2019-04-16T18:39:13Z,2019-08-21T01:45:32Z,126,N/A,pytorch,Yes,Yes,Environment,Research Prototype,Enhancer,Evolutionary defects,Bad Performance (lower speed),External interface,API bugs: DL libraries
https://github.com/xingyizhou/CenterNet/issues/29,xingyizhou,CenterNet,29,Solo Repository,Yes,2019-04-16T18:39:13Z,2019-04-24T19:47:00Z,8,N/A,pytorch,yes,yes,Environment,"User ""fork""",Re-user,Basic defects,Crash,External interface,Environment configuration error
https://github.com/xingyizhou/CenterNet/issues/3,xingyizhou,CenterNet,3,Solo Repository,Yes,2019-04-16T18:39:13Z,2019-04-18T02:33:19Z,1,N/A,pytorch,Yes,Yes,Environment,"User ""fork""",Re-user,Basic defects,Crash,External interface,API bugs: DL libraries
https://github.com/xingyizhou/CenterNet/issues/394,xingyizhou,CenterNet,394,Solo Repository,Yes,2019-04-16T18:39:13Z,2019-10-09T02:40:01Z,175,N/A,pytorch,Yes,Yes,Training,Research Prototype,Enhancer,Evolutionary defects,Bad Performance (lower accuracy),algorithm/method,Other
https://github.com/xingyizhou/CenterNet/issues/440,xingyizhou,CenterNet,440,Solo Repository,Yes,2019-04-16T18:39:13Z,2019-10-31T03:49:04Z,197,N/A,pytorch,Not mentioned,Not mentioned,Environment,Research Prototype,Enhancer,Basic defects,Incorrect functionality,Internal interface,GPU Usage Bug
https://github.com/xingyizhou/CenterNet/issues/461,xingyizhou,CenterNet,461,Solo Repository,Yes,2019-04-16T18:39:13Z,2019-11-11T05:13:52Z,208,N/A,pytorch,Yes,Yes,Environment,"User ""fork""",Enhancer,Evolutionary defects,Crash,External interface,Environment configuration error
https://github.com/xingyizhou/CenterNet/issues/530,xingyizhou,CenterNet,530,Solo Repository,Yes,2019-04-16T18:39:13Z,2019-12-18T02:40:03Z,245,N/A,pytorch,no,no,Modeling,"User ""fork""",Enhancer,Evolutionary defects,Incorrect functionality,External interface,Network Structure
https://github.com/xingyizhou/CenterNet/issues/77,xingyizhou,CenterNet,77,Solo Repository,Yes,2019-04-16T18:39:13Z,2019-05-16T12:12:02Z,29,N/A,pytorch,Yes,Yes,Modeling,"User ""fork""",Enhancer,Evolutionary defects,Crash,Data structure,Model/weight
https://github.com/YunYang1994/tensorflow-yolov3/issues/16,YunYang1994,tensorflow-yolov3,16,Solo Repository,No,2018-11-23T06:26:37Z,2018-12-21T11:33:47Z,28,Bug,TensorFlow,Yes,Yes,Data pipeline,Replication,Re-user,Reproducibility defects,Bad Data Quality,Assignment/initialization,Data preprocessing bugs
https://github.com/YunYang1994/tensorflow-yolov3/issues/16,YunYang1994,tensorflow-yolov3,16,Solo Repository,No,2018-11-23T06:26:37Z,2018-12-21T11:33:47Z,28,Bug,TensorFlow,Yes,Yes,Training,Replication,Re-user,Reproducibility defects,Bad Performance (lower accuracy),Algorithm/method,Loss function
https://github.com/YunYang1994/tensorflow-yolov3/issues/470,YunYang1994,tensorflow-yolov3,470,Solo Repository,No,2018-11-23T06:26:37Z,2020-01-16T10:17:32Z,419,N/A,TensorFlow,Yes,Yes,Training,"User ""fork""",Re-user,Evolutionary defects,Incorrect Functionality,Non-functional defects,Model/weight
https://github.com/YunYang1994/tensorflow-yolov3/issues/502,YunYang1994,tensorflow-yolov3,502,Solo Repository,No,2018-11-23T06:26:37Z,2020-03-24T06:11:07Z,486,Bug,TensorFlow,Yes,No,Data pipeline,"User ""fork""",Adaptor,Basic defects,Crash,Algorithm/method,Training Data Quality
https://github.com/yhenon/pytorch-retinanet/issues/66,yhenon,pytorch-retinanet,66,Solo Repository,No,2018-04-25T00:15:22Z,2019-03-02T08:54:42Z,311,N/A,Pytorch,yes,Yes,Environment,Replication,Re-user,Basic defects,Crash,External interface,API bugs: DL libraries
https://github.com/yhenon/pytorch-retinanet/issues/7,yhenon,pytorch-retinanet,7,Solo Repository,Yes,2018-04-25T00:15:22Z,2018-07-14T14:47:00Z,80,N/A,Pytorch,Yes,Yes,Environment,"User ""fork""",Re-user,Basic defects,Crash,Non-functional defects,Environment configuration error
https://github.com/Duankaiwen/CenterNet/issues/44,Duankaiwen,CenterNet,44,Solo Repository,Yes,2019-04-16T16:18:23Z,2019-05-29T12:51:26Z,42,N/A,Pytorch,Yes,Yes,Data pipeline,"User ""fork""",Adaptor,Basic defects,Crash,Assignment/initialization,Corrupt Data
https://github.com/Duankaiwen/CenterNet/issues/36,Duankaiwen,CenterNet,36,Solo Repository,Yes,2019-04-16T16:18:23Z,2019-05-17T01:42:36Z,30,N/A,Pytorch,Yes,Yes,Data pipeline,"User ""fork""",Adaptor,Basic defects,Hang,Assignment/initialization,Corrupt Data