,URL,Repo owner,Repo name,Issue #,Repo type,Research Prototype,Repo creation time,Issue creation time,Time Slot/d,Label,Framework,Same Code?,Same Data?,Impacts,Part of Implementation,Project Type,Reporter,Defect types,Root Causes,Manifestation
0,https://github.com/chenyuntc/simple-faster-rcnn-pytorch/issues/42,chenyuntc,simple-faster-rcnn-pytorch,42,Solo Repository,No,2017-12-09T13:13:54Z,2018-05-07T14:29:50Z,149.0,,pytorch,yes,Not mentioned,Crash,Environment,"User ""fork""",Re-user,External interface,API defects,Basic defects
1,https://github.com/chenyuntc/simple-faster-rcnn-pytorch/issues/42,chenyuntc,simple-faster-rcnn-pytorch,42,Solo Repository,No,2017-12-09T13:13:54Z,2018-05-07T14:29:50Z,149.0,,pytorch,yes,Not mentioned,Crash,Environment,"User ""fork""",Re-user,External interface,API defects,Basic defects
2,https://github.com/Duankaiwen/CenterNet/issues/36,Duankaiwen,CenterNet,36,Solo Repository,Yes,2019-04-16T16:18:23Z,2019-05-17T01:42:36Z,30.0,,Pytorch,Yes,Yes,Low frequency type,Data pipeline,"User ""fork""",Adaptor,Assignment/initialization,Corrupt Data,Basic defects
3,https://github.com/Duankaiwen/CenterNet/issues/44,Duankaiwen,CenterNet,44,Solo Repository,Yes,2019-04-16T16:18:23Z,2019-05-29T12:51:26Z,42.0,,Pytorch,Yes,Yes,Crash,Data pipeline,"User ""fork""",Adaptor,Assignment/initialization,Corrupt Data,Basic defects
4,https://github.com/endernewton/tf-faster-rcnn/issues/107,endernewton,tf-faster-rcnn,107,Solo Repository,No,2017-01-23T19:51:32Z,2017-05-26T06:42:26Z,122.0,,Tensorflow,Yes,No,Numerical Instability,Training,"User ""fork""",Adaptor,Algorithm/method,Training configurations,Evolutionary defects
5,https://github.com/endernewton/tf-faster-rcnn/issues/126,endernewton,tf-faster-rcnn,126,Solo Repository,No,2017-01-23T19:51:32Z,2017-06-09T14:43:50Z,136.0,,Tensorflow,Yes,No,Bad Performance (lower accuracy),Data pipeline,"User ""fork""",Adaptor,Assignment/initialization,Data preprocessing bugs,Evolutionary defects
6,https://github.com/endernewton/tf-faster-rcnn/issues/134,endernewton,tf-faster-rcnn,134,Solo Repository,No,2017-01-23T19:51:32Z,2017-06-14T12:12:30Z,141.0,,Tensorflow,Yes,Yes,Crash,Environment,Major replication,Re-user,External interface,API defects,Evolutionary defects
7,https://github.com/endernewton/tf-faster-rcnn/issues/135,endernewton,tf-faster-rcnn,135,Solo Repository,No,2017-01-23T19:51:32Z,2017-06-15T06:27:15Z,142.0,,Tensorflow,Yes,No,Crash,Training,"User ""fork""",Adaptor,Assignment/initialization,Hyperparameters,Basic defects
8,https://github.com/endernewton/tf-faster-rcnn/issues/148,endernewton,tf-faster-rcnn,148,Solo Repository,No,2017-01-23T19:51:32Z,2017-07-04T10:31:35Z,161.0,,Tensorflow,Yes,Yes,Incorrect Functionality,Environment,Major replication,Re-user,Non-functional defects,Insufficient/incorrect documentation,Basic defects
9,https://github.com/endernewton/tf-faster-rcnn/issues/160,endernewton,tf-faster-rcnn,160,Solo Repository,No,2017-01-23T19:51:32Z,2017-07-17T02:43:38Z,174.0,,Tensorflow,Yes,Yes,Crash,Environment,"User ""fork""",Re-user,Internal interface,Low frequency type,Basic defects
10,https://github.com/endernewton/tf-faster-rcnn/issues/171,endernewton,tf-faster-rcnn,171,Solo Repository,No,2017-01-23T19:51:32Z,2017-07-27T13:13:18Z,184.0,,Tensorflow,Yes,Yes,Crash,Environment,"User ""fork""",Re-user,External interface,API defects,Basic defects
11,https://github.com/endernewton/tf-faster-rcnn/issues/183,endernewton,tf-faster-rcnn,183,Solo Repository,No,2017-01-23T19:51:32Z,2017-08-10T02:15:54Z,198.0,,Tensorflow,Yes,Yes,Bad Performance (lower accuracy),Training,Major replication,Re-user,Timing/optimization,Hyperparameters,Reproducibility defects
12,https://github.com/endernewton/tf-faster-rcnn/issues/198,endernewton,tf-faster-rcnn,198,Solo Repository,No,2017-01-23T19:51:32Z,2017-08-23T09:12:39Z,211.0,,Tensorflow,Yes,Yes,Crash,Environment,Major replication,Re-user,External interface,GPU Usage Bug,Evolutionary defects
13,https://github.com/endernewton/tf-faster-rcnn/issues/377,endernewton,tf-faster-rcnn,377,Solo Repository,No,2017-01-23T19:51:32Z,2018-08-07T11:16:12Z,560.0,,Tensorflow,No,Not mentioned,Crash,Modeling,"User ""fork""",Enhancer,Assignment/initialization,Layer properties,Basic defects
14,https://github.com/endernewton/tf-faster-rcnn/issues/86,endernewton,tf-faster-rcnn,86,Solo Repository,No,2017-01-23T19:51:32Z,2017-05-12T05:55:04Z,108.0,,Tensorflow,Yes,Yes,Numerical Instability,Environment,"User ""fork""",Re-user,Internal interface,GPU Usage Bug,Reproducibility defects
15,https://github.com/endernewton/tf-faster-rcnn/issues/96,endernewton,tf-faster-rcnn,96,Solo Repository,No,2017-01-23T19:51:32Z,2017-05-20T07:42:22Z,116.0,,Tensorflow,Yes,Yes,Crash,Environment,"User ""fork""",Re-user,External interface,Wrong Environment Configuration,Basic defects
16,https://github.com/eriklindernoren/PyTorch-YOLOv3/issues/110,eriklindernoren,PyTorch-YOLOv3,110,Solo Repository,No,2018-05-21T16:05:55Z,2019-01-06T09:15:37Z,229.0,,Pytorch,Yes,Yes,Crash,Data pipeline,"User ""fork""",Re-user,Assignment/initialization,Data preprocessing bugs,Basic defects
17,https://github.com/eriklindernoren/PyTorch-YOLOv3/issues/142,eriklindernoren,PyTorch-YOLOv3,142,Solo Repository,No,2018-05-21T16:05:55Z,2019-04-26T16:45:23Z,340.0,,Pytorch,Yes,Yes,Incorrect Functionality,Environment,"User ""fork""",Re-user,External interface,API defects,Basic defects
18,https://github.com/eriklindernoren/PyTorch-YOLOv3/issues/145,eriklindernoren,PyTorch-YOLOv3,145,Solo Repository,No,2018-05-21T16:05:55Z,2019-04-28T21:56:21Z,342.0,,Pytorch,Yes,No,Crash,Training,"User ""fork""",Adaptor,Assignment/initialization,Hyperparameters,Basic defects
19,https://github.com/eriklindernoren/PyTorch-YOLOv3/issues/157,eriklindernoren,PyTorch-YOLOv3,157,Solo Repository,No,2018-05-21T16:05:55Z,2019-05-04T01:05:59Z,347.0,,Pytorch,Yes,No,Crash,Data pipeline,"User ""fork""",Adaptor,Logic,Training Data Quality,Evolutionary defects
20,https://github.com/eriklindernoren/PyTorch-YOLOv3/issues/159,eriklindernoren,PyTorch-YOLOv3,159,Solo Repository,No,2018-05-21T16:05:55Z,2019-05-04T12:20:27Z,347.0,,Pytorch,Yes,No,Crash,Training,"User ""fork""",Re-user,Checking,Low frequency type,Basic defects
21,https://github.com/eriklindernoren/PyTorch-YOLOv3/issues/178,eriklindernoren,PyTorch-YOLOv3,178,Solo Repository,No,2018-05-21T16:05:55Z,2019-05-16T16:46:36Z,360.0,,Pytorch,Yes,Not mentioned,Crash,Training,"User ""fork""",Re-user,Checking,Low frequency type,Basic defects
22,https://github.com/eriklindernoren/PyTorch-YOLOv3/issues/2,eriklindernoren,PyTorch-YOLOv3,2,Solo Repository,No,2018-05-21T16:05:55Z,2018-05-30T02:42:53Z,8.0,,Pytorch,Yes,Yes,Bad Performance (lower accuracy),Modeling,"User ""fork""",Re-user,Timing/optimization,Model/weight,Reproducibility defects
23,https://github.com/eriklindernoren/PyTorch-YOLOv3/issues/2,eriklindernoren,PyTorch-YOLOv3,2,Solo Repository,No,2018-05-21T16:05:55Z,2018-05-30T02:42:53Z,8.0,,Pytorch,Yes,Yes,Bad Performance (lower accuracy),Training,Major replication,Enhancer,Timing/optimization,Low frequency type,Evolutionary defects
24,https://github.com/eriklindernoren/PyTorch-YOLOv3/issues/256,eriklindernoren,PyTorch-YOLOv3,256,Solo Repository,No,2018-05-21T16:05:55Z,2019-08-01T14:01:41Z,436.0,,Pytorch,Yes,No,Crash,Data pipeline,"User ""fork""",Adaptor,Assignment/initialization,Training data quality,Basic defects
25,https://github.com/eriklindernoren/PyTorch-YOLOv3/issues/327,eriklindernoren,PyTorch-YOLOv3,327,Solo Repository,No,2018-05-21T16:05:55Z,2019-10-29T03:58:56Z,525.0,,Pytorch,Yes,Yes,Crash,Environment,"User ""fork""",Re-user,External interface,API defects,Basic defects
26,https://github.com/eriklindernoren/PyTorch-YOLOv3/issues/372,eriklindernoren,PyTorch-YOLOv3,372,Solo Repository,No,2018-05-21T16:05:55Z,2019-12-11T15:41:49Z,568.0,,Pytorch,Yes,Yes,Crash,Data pipeline,"User ""fork""",Re-user,Internal interface,Low frequency type,Basic defects
27,https://github.com/eriklindernoren/PyTorch-YOLOv3/issues/45,eriklindernoren,PyTorch-YOLOv3,45,Solo Repository,No,2018-05-21T16:05:55Z,2018-06-22T02:17:21Z,31.0,,Pytorch,No,No,Bad Performance (lower accuracy),Modeling,Major replication,Adaptor,Timing/optimization,Model/weight,Evolutionary defects
28,https://github.com/eriklindernoren/PyTorch-YOLOv3/issues/456,eriklindernoren,PyTorch-YOLOv3,456,Solo Repository,No,2018-05-21T16:05:55Z,2020-03-21T03:17:33Z,669.0,,Pytorch,Yes,Yes,Crash,Data pipeline,"User ""fork""",Re-user,Assignment/initialization,Data preprocessing bugs,Basic defects
29,https://github.com/eriklindernoren/PyTorch-YOLOv3/issues/61,eriklindernoren,PyTorch-YOLOv3,61,Solo Repository,No,2018-05-21T16:05:55Z,2018-09-06T06:55:59Z,107.0,,Pytorch,Yes,Yes,Incorrect Functionality,Training,Major replication,Enhancer,Algorithm/method,Low frequency type,Evolutionary defects
30,https://github.com/eriklindernoren/PyTorch-YOLOv3/issues/620,eriklindernoren,PyTorch-YOLOv3,620,Solo Repository,No,2018-05-21T16:05:55Z,2021-01-31T10:15:28Z,985.0,,Pytorch,Yes,Yes,Crash,Data pipeline,"User ""fork""",Re-user,Checking,Training data quality,Basic defects
31,https://github.com/eriklindernoren/PyTorch-YOLOv3/issues/628,eriklindernoren,PyTorch-YOLOv3,628,Solo Repository,No,2018-05-21T16:05:55Z,2021-02-08T13:48:52Z,993.0,,Pytorch,Yes,No,Incorrect Functionality,Training,"User ""fork""",Enhancer,Algorithm/method,Training configurations,Evolutionary defects
32,https://github.com/eriklindernoren/PyTorch-YOLOv3/issues/75,eriklindernoren,PyTorch-YOLOv3,75,Solo Repository,No,2018-05-21T16:05:55Z,2018-10-04T08:03:17Z,135.0,,Pytorch,Yes,Yes,Bad Performance (lower accuracy),Modeling,"User ""fork""",Re-user,Internal interface,Model/weight,Reproducibility defects
33,https://github.com/eriklindernoren/PyTorch-YOLOv3/issues/86,eriklindernoren,PyTorch-YOLOv3,86,Solo Repository,No,2018-05-21T16:05:55Z,2018-10-22T06:10:43Z,153.0,,Pytorch,No,No,Incorrect Functionality,Modeling,"User ""fork""",Adaptor,Assignment/initialization,Model/weight,Evolutionary defects
34,https://github.com/eriklindernoren/PyTorch-YOLOv3/issues/92,eriklindernoren,PyTorch-YOLOv3,92,Solo Repository,No,2018-05-21T16:05:55Z,2018-11-01T05:48:24Z,163.0,,Pytorch,Yes,Yes,Incorrect Functionality,Training,Major replication,Re-user,Algorithm/method,Low frequency type,Reproducibility defects
35,https://github.com/facebookresearch/Detectron/issues/103,facebookresearch,Detectron,103,Zoo Repository,No,2017-10-05T17:32:00Z,2018-02-02T10:09:59Z,119.0,['community help wanted'],Caffe2,Yes,Yes,Crash,Environment,"User ""fork""",Re-user,Internal interface,Wrong Environment Configuration,Basic defects
36,https://github.com/facebookresearch/Detectron/issues/122,facebookresearch,Detectron,122,Zoo Repository,No,2017-10-05T17:32:00Z,2018-02-07T17:04:09Z,124.0,N/a,Caffe2,Yes,Yes,Crash,Environment,"User ""fork""",Re-user,External interface,API defects,Basic defects
37,https://github.com/facebookresearch/Detectron/issues/169,facebookresearch,Detectron,169,Zoo Repository,No,2017-10-05T17:32:00Z,2018-02-20T09:16:44Z,137.0,['community help wanted'],Caffe2,Yes,No,Crash,Training,"User ""fork""",Adaptor,Assignment/initialization,Training configurations,Basic defects
38,https://github.com/facebookresearch/Detectron/issues/20,facebookresearch,Detectron,20,Zoo Repository,No,2017-10-05T17:32:00Z,2018-01-24T08:58:59Z,110.0,['cannot repro'],Caffe2,Yes,Yes,Crash,Environment,"User ""fork""",Re-user,External interface,API defects,Basic defects
39,https://github.com/facebookresearch/Detectron/issues/209,facebookresearch,Detectron,209,Zoo Repository,No,2017-10-05T17:32:00Z,2018-03-01T02:34:35Z,146.0,N/a,Caffe2,Yes,No,Crash,Data pipeline,"User ""fork""",Enhancer,Internal interface,Data preprocessing bugs,Basic defects
40,https://github.com/facebookresearch/Detectron/issues/237,facebookresearch,Detectron,237,Zoo Repository,No,2017-10-05T17:32:00Z,2018-03-06T03:26:22Z,151.0,['cannot repro'],Caffe2,Yes,Yes,Crash,Modeling,Major replication,Re-user,Internal interface,Model/weight,Basic defects
41,https://github.com/facebookresearch/Detectron/issues/32,facebookresearch,Detectron,32,Zoo Repository,No,2017-10-05T17:32:00Z,2018-01-25T07:48:11Z,111.0,['upstream bug'],Caffe2,Yes,Not mentioned,Crash,Environment,"User ""fork""",Re-user,External interface,GPU Usage Bug,Basic defects
42,https://github.com/facebookresearch/Detectron/issues/361,facebookresearch,Detectron,361,Zoo Repository,No,2017-10-05T17:32:00Z,2018-04-12T09:32:24Z,188.0,N/a,Caffe2,Yes,No,Crash,Environment,"User ""fork""",Adaptor,External interface,API defects,Basic defects
43,https://github.com/facebookresearch/Detectron/issues/433,facebookresearch,Detectron,433,Zoo Repository,No,2017-10-05T17:32:00Z,2018-05-16T06:45:37Z,222.0,N/a,Caffe2,Yes,Yes,Crash,Environment,"User ""fork""",Re-user,External interface,API defects,Basic defects
44,https://github.com/facebookresearch/Detectron/issues/454,facebookresearch,Detectron,454,Zoo Repository,No,2017-10-05T17:32:00Z,2018-05-29T03:17:47Z,235.0,,Caffe2,Yes,Yes,Crash,Environment,"User ""fork""",Re-user,External interface,Wrong Environment Configuration,Basic defects
45,https://github.com/facebookresearch/Detectron/issues/475,facebookresearch,Detectron,475,Zoo Repository,No,2017-10-05T17:32:00Z,2018-06-06T06:57:50Z,243.0,N/a,Caffe2,Yes,Not mentioned,Crash,Environment,"User ""fork""",Re-user,External interface,API defects,Basic defects
46,https://github.com/facebookresearch/Detectron/issues/5,facebookresearch,Detectron,5,Zoo Repository,No,2017-10-05T17:32:00Z,2018-01-23T09:45:47Z,109.0,N/a,Caffe2,Yes,No,Memory Exhaustion,Environment,"User ""fork""",Adaptor,Assignment/initialization,GPU Usage Bug,Evolutionary defects
47,https://github.com/facebookresearch/Detectron/issues/502,facebookresearch,Detectron,502,Zoo Repository,No,2017-10-05T17:32:00Z,2018-06-18T20:33:08Z,256.0,N/a,Caffe2,Yes,Yes,Crash,Environment,"User ""fork""",Re-user,External interface,API defects,Basic defects
48,https://github.com/facebookresearch/Detectron/issues/524,facebookresearch,Detectron,524,Zoo Repository,No,2017-10-05T17:32:00Z,2018-06-27T00:15:47Z,264.0,N/a,Caffe2,Yes,Not mentioned,Incorrect functionality,Environment,"User ""fork""",Re-user,Internal interface,Wrong Environment Configuration,Basic defects
49,https://github.com/facebookresearch/Detectron/issues/918,facebookresearch,Detectron,918,Zoo Repository,No,2017-10-05T17:32:00Z,2019-07-21T09:11:55Z,653.0,N/a,Caffe2,Yes,No,Bad performance (lower accuracy),Environment,"User ""fork""",Adaptor,External interface,GPU usage bug,Evolutionary defects
50,https://github.com/facebookresearch/detectron2/issues/101,facebookresearch,detectron2,101,Zoo Repository,No,2019-09-05T21:30:20Z,2019-10-17T03:26:28Z,41.0,,Pytorch,Yes,Yes,Incorrect functionality,Data pipeline,"User ""fork""",Re-user,Assignment/initialization,Wrong Environment Configuration,Basic defects
51,https://github.com/facebookresearch/detectron2/issues/1037,facebookresearch,detectron2,1037,Zoo Repository,No,2019-09-05T21:30:20Z,2020-03-12T03:14:29Z,188.0,,Pytorch,Yes,Yes,Crash,Training,"User ""fork""",Re-user,Internal interface,Low frequency type,Basic defects
52,https://github.com/facebookresearch/detectron2/issues/1037,facebookresearch,detectron2,1037,Zoo Repository,No,2019-09-05T21:30:20Z,2020-03-12T03:14:29Z,188.0,,Pytorch,Yes,Yes,Crash,Environment,"User ""fork""",Re-user,External interface,GPU Usage Bug,Basic defects
53,https://github.com/facebookresearch/detectron2/issues/174,facebookresearch,detectron2,174,Zoo Repository,No,2019-09-05T21:30:20Z,2019-10-26T06:33:07Z,50.0,,Pytorch,Yes,No,Crash,Environment,"User ""fork""",Adaptor,Internal interface,Wrong Environment Configuration,Basic defects
54,https://github.com/facebookresearch/detectron2/issues/235,facebookresearch,detectron2,235,Zoo Repository,No,2019-09-05T21:30:20Z,2019-11-04T18:23:00Z,59.0,['installation / environment'],Pytorch,Yes,Not mentioned,Crash,Environment,"User ""fork""",Re-user,External interface,Wrong Environment Configuration,Basic defects
55,https://github.com/facebookresearch/detectron2/issues/320,facebookresearch,detectron2,320,Zoo Repository,No,2019-09-05T21:30:20Z,2019-11-14T18:37:28Z,69.0,['installation / environment'],Pytorch,Yes,No,Crash,Data pipeline,"User ""fork""",Adaptor,Assignment/initialization,Low frequency type,Basic defects
56,https://github.com/facebookresearch/detectron2/issues/3225,facebookresearch,detectron2,3225,Zoo Repository,No,2019-09-05T21:30:20Z,2021-07-06T21:42:12Z,670.0,['documentation'],Pytorch,Yes,Yes,Incorrect functionality,Environment,"User ""fork""",Re-user,Non-functional defects,Insufficient/incorrect documentation,Basic defects
57,https://github.com/facebookresearch/detectron2/issues/55,facebookresearch,detectron2,55,Zoo Repository,No,2019-09-05T21:30:20Z,2019-10-14T06:42:43Z,38.0,['installation / environment'],Pytorch,Yes,Not mentioned,Crash,Environment,"User ""fork""",Re-user,Internal interface,API defects,Basic defects
58,https://github.com/facebookresearch/detectron2/issues/62,facebookresearch,detectron2,62,Zoo Repository,No,2019-09-05T21:30:20Z,2019-10-14T20:18:51Z,38.0,['installation / environment'],Pytorch,yes,Yes,Crash,Environment,"User ""fork""",Re-user,External interface,API defects,Basic defects
59,https://github.com/facebookresearch/detectron2/issues/657,facebookresearch,detectron2,657,Zoo Repository,No,2019-09-05T21:30:20Z,2020-01-09T09:59:21Z,125.0,,pytorch,No,Not mentioned,Crash,Environment,"User ""fork""",Enhancer,External interface,Wrong Environment Configuration,Evolutionary defects
60,https://github.com/facebookresearch/detectron2/issues/693#issue-549261146,facebookresearch,detectron2,693#issue-549261146,Zoo Repository,No,2019-09-05T21:30:20Z,2020-01-14T00:29:20Z,130.0,installation / environment; invalid/unrelated,Pytorch,Yes,Yes,Crash,Environment,"User ""fork""",Re-user,External interface,API defects,Basic defects
61,https://github.com/facebookresearch/detectron2/issues/80,facebookresearch,detectron2,80,Zoo Repository,No,2019-09-05T21:30:20Z,2019-10-15T23:30:38Z,40.0,,Pytorch,No,No,Incorrect functionality,Data pipeline,Major replication,Enhancer,Non-functional defects,Data preprocessing bugs,Evolutionary defects
62,https://github.com/facebookresearch/detectron2/issues/810,facebookresearch,detectron2,810,Zoo Repository,No,2019-09-05T21:30:20Z,2020-02-05T18:03:14Z,152.0,,Pytorch,No,Yes,Crash,Data pipeline,"User ""fork""",Enhancer,Data structure,Data preprocessing bugs,Evolutionary defects
63,https://github.com/fizyr/keras-retinanet/issues/1176,fizyr,keras-retinanet,1176,Solo Repository,Yes,2017-08-14T09:14:29Z,2019-11-08T17:33:42Z,816.0,,Keras,Yes,No,Crash,Data pipeline,"User ""fork""",Adaptor,Data structure,Data preprocessing bugs,Evolutionary defects
64,https://github.com/fizyr/keras-retinanet/issues/1395,fizyr,keras-retinanet,1395,Solo Repository,Yes,2017-08-14T09:14:29Z,2020-06-23T03:58:17Z,1043.0,['stale'],Keras,Yes,Yes,Crash,Environment,"User ""fork""",Re-user,External interface,Wrong Environment Configuration,Basic defects
65,https://github.com/fizyr/keras-retinanet/issues/1449,fizyr,keras-retinanet,1449,Solo Repository,Yes,2017-08-14T09:14:29Z,2020-08-30T18:58:07Z,1112.0,['stale'],Keras,yes,Not mentioned,crash,Training,"User ""fork""",Re-user,Assignment/initialization,Hyperparameters,Basic defects
66,https://github.com/fizyr/keras-retinanet/issues/1535,fizyr,keras-retinanet,1535,Solo Repository,Yes,2017-08-14T09:14:29Z,2021-05-23T20:59:50Z,1378.0,,Keras,yes,No,Crash,Modeling,"User ""fork""",Adaptor,Non-functional defects,Model/weight,Basic defects
67,https://github.com/fizyr/keras-retinanet/issues/163,fizyr,keras-retinanet,163,Solo Repository,Yes,2017-08-14T09:14:29Z,2017-12-06T11:06:01Z,114.0,,Keras,Yes,No,Crash,Data pipeline,Major replication,Adaptor,Assignment/initialization,Data preprocessing bugs,Evolutionary defects
68,https://github.com/fizyr/keras-retinanet/issues/270,fizyr,keras-retinanet,270,Solo Repository,Yes,2017-08-14T09:14:29Z,2018-02-06T07:20:00Z,175.0,,Keras,yes,Yes,Crash,Environment,"User ""fork""",Re-user,Non-functional defects,Wrong Environment Configuration,Basic defects
69,https://github.com/fizyr/keras-retinanet/issues/322,fizyr,keras-retinanet,322,Solo Repository,Yes,2017-08-14T09:14:29Z,2018-03-09T13:10:46Z,207.0,,Keras,yes,yes,Bad Performance (lower speed),Environment,"User ""fork""",Re-user,External interface,API defects,Reproducibility defects
70,https://github.com/fizyr/keras-retinanet/issues/49,fizyr,keras-retinanet,49,Solo Repository,Yes,2017-08-14T09:14:29Z,2017-11-09T09:57:24Z,87.0,,Keras,Yes,No,Crash,Data pipeline,Research Prototype,Enhancer,Algorithm/method,Training data quality,Evolutionary defects
71,https://github.com/fizyr/keras-retinanet/issues/49,fizyr,keras-retinanet,49,Solo Repository,Yes,2017-08-14T09:14:29Z,2017-11-09T09:57:24Z,87.0,,Keras,Yes,No,Crash,Modeling,Research Prototype,Enhancer,Algorithm/method,Layer Properties,Evolutionary defects
72,https://github.com/fizyr/keras-retinanet/issues/509,fizyr,keras-retinanet,509,Solo Repository,Yes,2017-08-14T09:14:29Z,2018-06-19T00:38:08Z,308.0,,Keras,yes,no,crash,Data pipeline,"User ""fork""",Enhancer,Data structure,Corrupt Data,Basic defects
73,https://github.com/fizyr/keras-retinanet/issues/618,fizyr,keras-retinanet,618,Solo Repository,Yes,2017-08-14T09:14:29Z,2018-08-02T05:54:52Z,352.0,,Keras,yes,No,Bad Performance (lower accuracy),Training,"User ""fork""",Adaptor,Assignment/initialization,Training configurations,Evolutionary defects
74,https://github.com/fizyr/keras-retinanet/issues/618,fizyr,keras-retinanet,618,Solo Repository,Yes,2017-08-14T09:14:29Z,2018-08-02T05:54:52Z,352.0,,Keras,yes,No,Bad Performance (lower accuracy),Training,"User ""fork""",Adaptor,Timing/optimization,Hyperparameters,Evolutionary defects
75,https://github.com/fizyr/keras-retinanet/issues/667,fizyr,keras-retinanet,667,Solo Repository,Yes,2017-08-14T09:14:29Z,2018-09-08T09:02:18Z,389.0,,Keras,yes,no,Bad Performance (lower accuracy),Training,"User ""fork""",Enhancer,Algorithm/method,Training configurations,Evolutionary defects
76,https://github.com/fizyr/keras-retinanet/issues/676,fizyr,keras-retinanet,676,Solo Repository,Yes,2017-08-14T09:14:29Z,2018-09-12T09:58:09Z,394.0,,Keras,No,Not mentioned,Crash,Environment,"User ""fork""",Enhancer,Algorithm/method,Low frequency type,Evolutionary defects
77,https://github.com/fizyr/keras-retinanet/issues/680,fizyr,keras-retinanet,680,Solo Repository,Yes,2017-08-14T09:14:29Z,2018-09-14T12:17:17Z,396.0,,Keras,No,No,Incorrect functionality,Data pipeline,"User ""fork""",Adaptor,Assignment/initialization,Low frequency type,Evolutionary defects
78,https://github.com/fizyr/keras-retinanet/issues/835,fizyr,keras-retinanet,835,Solo Repository,Yes,2017-08-14T09:14:29Z,2018-12-11T13:34:58Z,484.0,,Keras,Yes,No,Crash,Environment,"User ""fork""",Adaptor,External interface,Wrong Environment Configuration,Basic defects
79,https://github.com/fizyr/keras-retinanet/issues/92,fizyr,keras-retinanet,92,Solo Repository,Yes,2017-08-14T09:14:29Z,2017-11-22T06:38:21Z,99.0,,Keras,Yes,Yes,Crash,Environment,"User ""fork""",Re-user,Non-functional defects,Wrong Environment Configuration,Basic defects
80,https://github.com/fizyr/keras-retinanet/issues/930,fizyr,keras-retinanet,930,Solo Repository,Yes,2017-08-14T09:14:29Z,2019-03-05T12:34:08Z,568.0,,Keras,yes,No,Crash,Data pipeline,"User ""fork""",Adaptor,Checking,Corrupt Data,Basic defects
81,https://github.com/junyanz/pytorch-CycleGAN-and-pix2pix/issues/115,junyanz,pytorch-CycleGAN-and-pix2pix,115,Solo Repository,Yes,2017-04-18T10:33:05Z,2017-10-06T01:54:52Z,170.0,,pytorch,Yes,No,Crash,Data pipeline,"User ""fork""",Adaptor,Algorithm/method,Layer properties,Basic defects
82,https://github.com/junyanz/pytorch-CycleGAN-and-pix2pix/issues/150,junyanz,pytorch-CycleGAN-and-pix2pix,150,Solo Repository,Yes,2017-04-18T10:33:05Z,2017-11-15T06:52:32Z,210.0,,pytorch,Yes,Yes,Bad Performance (lower accuracy),Training,"User ""fork""",Re-user,Assignment/initialization,Hyperparameters,Reproducibility defects
83,https://github.com/junyanz/pytorch-CycleGAN-and-pix2pix/issues/230,junyanz,pytorch-CycleGAN-and-pix2pix,230,Solo Repository,Yes,2017-04-18T10:33:05Z,2018-03-31T06:18:45Z,346.0,,pytorch,Yes,Not mentioned,Incorrect Functionality,Environment,"User ""fork""",Re-user,Internal interface,Wrong Environment Configuration,Basic defects
84,https://github.com/junyanz/pytorch-CycleGAN-and-pix2pix/issues/296,junyanz,pytorch-CycleGAN-and-pix2pix,296,Solo Repository,Yes,2017-04-18T10:33:05Z,2018-06-19T02:27:16Z,426.0,,pytorch,Yes,Yes,Crash,Modeling,"User ""fork""",Re-user,Algorithm/method,Layer properties,Basic defects
85,https://github.com/junyanz/pytorch-CycleGAN-and-pix2pix/issues/309,junyanz,pytorch-CycleGAN-and-pix2pix,309,Solo Repository,Yes,2017-04-18T10:33:05Z,2018-06-28T08:32:02Z,435.0,,pytorch,Yes,No,Bad Performance (lower accuracy),Environment,"User ""fork""",Adaptor,Algorithm/method,Data preprocessing bugs,Evolutionary defects
86,https://github.com/junyanz/pytorch-CycleGAN-and-pix2pix/issues/325,junyanz,pytorch-CycleGAN-and-pix2pix,325,Solo Repository,Yes,2017-04-18T10:33:05Z,2018-07-17T06:50:54Z,454.0,,pytorch,Yes,No,Incorrect Functionality,Data pipeline,"User ""fork""",Adaptor,Algorithm/method,Data preprocessing bugs,Evolutionary defects
87,https://github.com/junyanz/pytorch-CycleGAN-and-pix2pix/issues/336,junyanz,pytorch-CycleGAN-and-pix2pix,336,Solo Repository,Yes,2017-04-18T10:33:05Z,2018-07-24T06:50:13Z,461.0,,pytorch,Yes,Yes,Bad Performance (lower accuracy),Training,Research Prototype,Re-user,Algorithm/method,Training configurations,Reproducibility defects
88,https://github.com/junyanz/pytorch-CycleGAN-and-pix2pix/issues/358,junyanz,pytorch-CycleGAN-and-pix2pix,358,Solo Repository,Yes,2017-04-18T10:33:05Z,2018-08-29T13:18:06Z,498.0,,pytorch,Yes,No,Crash,Training,"User ""fork""",Adaptor,Assignment/initialization,Training configurations,Basic defects
89,https://github.com/junyanz/pytorch-CycleGAN-and-pix2pix/issues/360,junyanz,pytorch-CycleGAN-and-pix2pix,360,Solo Repository,Yes,2017-04-18T10:33:05Z,2018-08-31T12:38:02Z,500.0,,pytorch,Yes,Yes,Crash,Environment,"User ""fork""",Re-user,External interface,API defects,Basic defects
90,https://github.com/junyanz/pytorch-CycleGAN-and-pix2pix/issues/398,junyanz,pytorch-CycleGAN-and-pix2pix,398,Solo Repository,Yes,2017-04-18T10:33:05Z,2018-10-08T23:53:21Z,538.0,,pytorch,Yes,Yes,Crash,Modeling,"User ""fork""",Enhancer,Internal interface,Network structure,Evolutionary defects
91,https://github.com/junyanz/pytorch-CycleGAN-and-pix2pix/issues/422,junyanz,pytorch-CycleGAN-and-pix2pix,422,Solo Repository,Yes,2017-04-18T10:33:05Z,2018-11-04T09:35:10Z,564.0,,pytorch,Yes,No,Crash,Training,"User ""fork""",Adaptor,Algorithm/method,Network Structure,Basic defects
92,https://github.com/junyanz/pytorch-CycleGAN-and-pix2pix/issues/466,junyanz,pytorch-CycleGAN-and-pix2pix,466,Solo Repository,Yes,2017-04-18T10:33:05Z,2018-12-08T12:34:54Z,599.0,,pytorch,Yes,No,Crash,Data pipeline,"User ""fork""",Adaptor,Assignment/initialization,Low frequency type,Basic defects
93,https://github.com/junyanz/pytorch-CycleGAN-and-pix2pix/issues/642,junyanz,pytorch-CycleGAN-and-pix2pix,642,Solo Repository,Yes,2017-04-18T10:33:05Z,2019-05-16T07:40:13Z,757.0,,pytorch,Yes,Yes,Crash,Environment,"User ""fork""",Re-user,External interface,Wrong Environment Configuration,Basic defects
94,https://github.com/junyanz/pytorch-CycleGAN-and-pix2pix/issues/712,junyanz,pytorch-CycleGAN-and-pix2pix,712,Solo Repository,Yes,2017-04-18T10:33:05Z,2019-07-19T09:59:06Z,821.0,,pytorch,Yes,Not mentioned,Crash,Modeling,"User ""fork""",Adaptor,Assignment/initialization,Network structure,Basic defects
95,https://github.com/junyanz/pytorch-CycleGAN-and-pix2pix/issues/76,junyanz,pytorch-CycleGAN-and-pix2pix,76,Solo Repository,Yes,2017-04-18T10:33:05Z,2017-08-16T06:48:11Z,119.0,,pytorch,Yes,Yes,Crash,Environment,Major replication,Re-user,External interface,API defects,Basic defects
96,https://github.com/jwyang/faster-rcnn.pytorch/issues/11,jwyang,faster-rcnn.pytorch,11,Solo Repository,No,2017-08-03T19:46:54Z,2018-01-02T07:53:57Z,151.0,,Pytorch,Yes,No,Crash,Data pipeline,"User ""fork""",Re-user,Assignment/initialization,Training data quality,Evolutionary defects
97,https://github.com/jwyang/faster-rcnn.pytorch/issues/111,jwyang,faster-rcnn.pytorch,111,Solo Repository,No,2017-08-03T19:46:54Z,2018-03-31T10:27:20Z,239.0,,Pytorch,Yes,No,Crash,Training,"User ""fork""",Adaptor,Internal interface,Training configurations,Basic defects
98,https://github.com/jwyang/faster-rcnn.pytorch/issues/147,jwyang,faster-rcnn.pytorch,147,Solo Repository,No,2017-08-03T19:46:54Z,2018-04-26T06:30:48Z,265.0,,Pytorch,Yes,Not mentioned,Crash,Environment,"User ""fork""",Re-user,External interface,API defects,Basic defects
99,https://github.com/jwyang/faster-rcnn.pytorch/issues/15,jwyang,faster-rcnn.pytorch,15,Solo Repository,No,2017-08-03T19:46:54Z,2018-01-15T17:38:49Z,164.0,,Pytorch,Yes,Yes,Crash,Environment,"User ""fork""",Re-user,Internal interface,GPU Usage Bug,Basic defects
100,https://github.com/jwyang/faster-rcnn.pytorch/issues/190,jwyang,faster-rcnn.pytorch,190,Solo Repository,No,2017-08-03T19:46:54Z,2018-06-06T23:42:53Z,307.0,,Pytorch,Yes,Yes,Crash,Environment,"User ""fork""",Re-user,External interface,API defects,Basic defects
101,https://github.com/jwyang/faster-rcnn.pytorch/issues/222,jwyang,faster-rcnn.pytorch,222,Solo Repository,No,2017-08-03T19:46:54Z,2018-06-30T11:04:33Z,330.0,,Pytorch,No,No,Crash,Environment,"User ""fork""",Adaptor,External interface,GPU Usage Bug,Basic defects
102,https://github.com/jwyang/faster-rcnn.pytorch/issues/235,jwyang,faster-rcnn.pytorch,235,Solo Repository,No,2017-08-03T19:46:54Z,2018-07-10T03:15:10Z,340.0,,Pytorch,Yes,Yes,Crash,Environment,"User ""fork""",Re-user,External interface,API defects,Basic defects
103,https://github.com/jwyang/faster-rcnn.pytorch/issues/303,jwyang,faster-rcnn.pytorch,303,Solo Repository,No,2017-08-03T19:46:54Z,2018-09-11T03:12:07Z,403.0,,Pytorch,Yes,Yes,Crash,Environment,"User ""fork""",Re-user,Data structure,Wrong Environment Configuration,Basic defects
104,https://github.com/jwyang/faster-rcnn.pytorch/issues/396,jwyang,faster-rcnn.pytorch,396,Solo Repository,No,2017-08-03T19:46:54Z,2018-12-14T13:39:16Z,497.0,,Pytorch,Yes,Yes,Crash,Environment,Major replication,Re-user,External interface,API defects,Basic defects
105,https://github.com/jwyang/faster-rcnn.pytorch/issues/412,jwyang,faster-rcnn.pytorch,412,Solo Repository,No,2017-08-03T19:46:54Z,2019-01-04T01:05:35Z,518.0,,Pytorch,Yes,Yes,Crash,Environment,"User ""fork""",Re-user,External interface,API defects,Basic defects
106,https://github.com/jwyang/faster-rcnn.pytorch/issues/419,jwyang,faster-rcnn.pytorch,419,Solo Repository,No,2017-08-03T19:46:54Z,2019-01-08T12:34:07Z,522.0,,Pytorch,Yes,Yes,Bad Performance (lower accuracy),Training,"User ""fork""",Re-user,Timing/optimization,Training configurations,Reproducibility defects
107,https://github.com/jwyang/faster-rcnn.pytorch/issues/503,jwyang,faster-rcnn.pytorch,503,Solo Repository,No,2017-08-03T19:46:54Z,2019-04-09T11:49:18Z,613.0,,Pytorch,Yes,Yes,Crash,Environment,"User ""fork""",Re-user,External interface,Wrong Environment Configuration,Basic defects
108,https://github.com/jwyang/faster-rcnn.pytorch/issues/527,jwyang,faster-rcnn.pytorch,527,,,2017-08-03T19:46:54Z,2019-04-27T13:20:10Z,631.0,,Pytorch,Yes,No,Crash,Data pipeline,"User ""fork""",Adaptor,Algorithm/method,Data preprocessing bugs,Basic defects
109,https://github.com/jwyang/faster-rcnn.pytorch/issues/690,jwyang,faster-rcnn.pytorch,690,Solo Repository,No,2017-08-03T19:46:54Z,2019-11-07T02:04:31Z,825.0,,Pytorch,Yes,No,Crash,Data pipeline,"User ""fork""",Adaptor,Checking,Corrupt Data,Basic defects
110,https://github.com/jwyang/faster-rcnn.pytorch/issues/779,jwyang,faster-rcnn.pytorch,779,Solo Repository,No,2017-08-03T19:46:54Z,2020-04-11T21:20:31Z,982.0,,Pytorch,Yes,Yes,Crash,Training,"User ""fork""",Re-user,Assignment/initialization,Training configurations,Basic defects
111,https://github.com/jwyang/faster-rcnn.pytorch/issues/9,jwyang,faster-rcnn.pytorch,9,Solo Repository,No,2017-08-03T19:46:54Z,2017-12-28T10:28:10Z,146.0,,Pytorch,Yes,Yes,Crash,Environment,Major replication,Re-user,Internal interface,Low frequency type,Basic defects
112,https://github.com/jwyang/faster-rcnn.pytorch/issues/99,jwyang,faster-rcnn.pytorch,99,Solo Repository,No,2017-08-03T19:46:54Z,2018-03-16T21:50:13Z,225.0,,Pytorch,Yes,No,Incorrect functionality,Data pipeline,"User ""fork""",Adaptor,Algorithm/method,Training data quality,Evolutionary defects
113,https://github.com/jwyang/faster-rcnn.pytorch/issues/99,jwyang,faster-rcnn.pytorch,99,Solo Repository,No,2017-08-03T19:46:54Z,2018-03-16T21:50:13Z,225.0,,Pytorch,Yes,No,Crash,Data pipeline,"User ""fork""",Adaptor,Algorithm/method,Training configurations,Evolutionary defects
114,https://github.com/matterport/Mask_RCNN/issues/1015,matterport,Mask_RCNN,1015,Solo Repository,Yes,2017-10-19T20:28:34Z,2018-10-09T19:57:25Z,354.0,,Keras,No,No,Bad Performance (lower accuracy),Data pipeline,"User ""fork""",Adaptor,Assignment/initialization,Training data quality,Evolutionary defects
115,https://github.com/matterport/Mask_RCNN/issues/1070,matterport,Mask_RCNN,1070,Solo Repository,Yes,2017-10-19T20:28:34Z,2018-10-25T16:04:07Z,370.0,,Keras,yes,yes,Crash,Environment,"User ""fork""",Re-user,External interface,API defects,Basic defects
116,https://github.com/matterport/Mask_RCNN/issues/1828,matterport,Mask_RCNN,1828,Solo Repository,Yes,2017-10-19T20:28:34Z,2019-10-27T16:32:46Z,737.0,,Keras,Yes,Yes,Crash,Environment,"User ""fork""",Re-user,External interface,API defects,Basic defects
117,https://github.com/matterport/Mask_RCNN/issues/1938,matterport,Mask_RCNN,1938,Solo Repository,Yes,2017-10-19T20:28:34Z,2019-12-31T11:30:13Z,802.0,,Keras,Yes,Yes,Bad Performance (lower speed),Environment,"User ""fork""",Re-user,External interface,API defects,Basic defects
118,https://github.com/matterport/Mask_RCNN/issues/2165,matterport,Mask_RCNN,2165,Solo Repository,Yes,2017-10-19T20:28:34Z,2020-05-07T02:28:27Z,930.0,,Keras,No,No,Incorrect functionality,Training,"User ""fork""",Enhancer,Algorithm/method,Low frequency type,Evolutionary defects
119,https://github.com/matterport/Mask_RCNN/issues/270,matterport,Mask_RCNN,270,Solo Repository,Yes,2017-10-19T20:28:34Z,2018-02-21T19:48:50Z,124.0,,Keras,yes,yes,Low frequency type,Training,"User ""fork""",Re-user,Non-functional defects,Insufficient/incorrect documentation,Reproducibility defects
120,https://github.com/matterport/Mask_RCNN/issues/372,matterport,Mask_RCNN,372,Solo Repository,Yes,2017-10-19T20:28:34Z,2018-03-28T11:19:19Z,159.0,,Keras,yes,No,Incorrect functionality,Training,"User ""fork""",Adaptor,algorithm/method,Training configurations,Evolutionary defects
121,https://github.com/matterport/Mask_RCNN/issues/410,matterport,Mask_RCNN,410,Solo Repository,Yes,2017-10-19T20:28:34Z,2018-04-07T16:34:27Z,169.0,,Keras,yes,no,crash,Training,"User ""fork""",Adaptor,Assignment/initialization,Hyperparameters,Basic defects
122,https://github.com/matterport/Mask_RCNN/issues/578,matterport,Mask_RCNN,578,Solo Repository,Yes,2017-10-19T20:28:34Z,2018-05-20T21:26:30Z,213.0,,Keras,Yes,No,Crash,Data pipeline,"User ""fork""",Adaptor,Assignment/initialization,Data preprocessing bugs,Basic defects
123,https://github.com/matterport/Mask_RCNN/issues/6,matterport,Mask_RCNN,6,Solo Repository,Yes,2017-10-19T20:28:34Z,2017-11-02T15:53:15Z,13.0,,Keras,yes,yes,Crash,Environment,"User ""fork""",Re-user,External interface,API defects,Basic defects
124,https://github.com/matterport/Mask_RCNN/issues/604,matterport,Mask_RCNN,604,Solo Repository,Yes,2017-10-19T20:28:34Z,2018-05-28T10:41:10Z,220.0,,Keras,Yes,No,Crash,Environment,"User ""fork""",Re-user,Assignment/initialization,Wrong Environment Configuration,Basic defects
125,https://github.com/matterport/Mask_RCNN/issues/635,matterport,Mask_RCNN,635,Solo Repository,Yes,2017-10-19T20:28:34Z,2018-06-03T18:39:04Z,226.0,,Keras,yes,no,Bad Performance (lower accuracy),Data pipeline,"User ""fork""",Adaptor,Timing/optimization,Training data quality,Evolutionary defects
126,https://github.com/matterport/Mask_RCNN/issues/635,matterport,Mask_RCNN,635,Solo Repository,Yes,2017-10-19T20:28:34Z,2018-06-03T18:39:04Z,226.0,,Keras,yes,no,Bad Performance (lower accuracy),Modeling,"User ""fork""",Adaptor,Algorithm/method,Network Structure,Evolutionary defects
127,https://github.com/matterport/Mask_RCNN/issues/636,matterport,Mask_RCNN,636,Solo Repository,Yes,2017-10-19T20:28:34Z,2018-06-04T03:52:56Z,227.0,,Keras,Yes,No,Crash,Data pipeline,"User ""fork""",Adaptor,Assignment/initialization,Corrupt data,Basic defects
128,https://github.com/matterport/Mask_RCNN/issues/796,matterport,Mask_RCNN,796,Solo Repository,Yes,2017-10-19T20:28:34Z,2018-07-19T15:58:15Z,272.0,,Keras,yes,Yes,Crash,Training,"User ""fork""",Re-user,Assignment/initialization,Training configurations,Basic defects
129,https://github.com/matterport/Mask_RCNN/issues/875,matterport,Mask_RCNN,875,Solo Repository,Yes,2017-10-19T20:28:34Z,2018-08-20T13:36:47Z,304.0,,Keras,Yes,Yes,Bad Performance (lower speed),Training,Research Prototype,Re-user,algorithm/method,GPU Usage Bug,Evolutionary defects
130,https://github.com/NVIDIA/DeepLearningExamples/issues/1004,NVIDIA,DeepLearningExamples,1004,Zoo Repository,No,2018-05-02T17:04:05Z,2021-09-16T16:23:36Z,1232.0,['bug'],TensorFlow,Yes,Yes,Bad Performance (lower accuracy),Training,"User ""fork""",Re-user,Timing/optimization,Hyperparameters,Reproducibility defects
131,https://github.com/NVIDIA/DeepLearningExamples/issues/156,NVIDIA,DeepLearningExamples,156,Zoo Repository,No,2018-05-02T17:04:05Z,2019-08-13T17:38:59Z,468.0,,TensorFlow,Yes,Yes,Bad Performance (lower speed),Training,"User ""fork""",Adaptor,Non-functional defects,Low frequency type,Reproducibility defects
132,https://github.com/NVIDIA/DeepLearningExamples/issues/166,NVIDIA,DeepLearningExamples,166,Zoo Repository,No,2018-05-02T17:04:05Z,2019-08-19T02:32:28Z,473.0,,Tensorflow,Yes,yes,Crash,Environment,"User ""fork""",Re-user,Internal interface,API defects,Basic defects
133,https://github.com/NVIDIA/DeepLearningExamples/issues/242,NVIDIA,DeepLearningExamples,242,Zoo Repository,No,2018-05-02T17:04:05Z,2019-10-02T19:54:00Z,518.0,,TensorFlow,Yes,Yes,Incorrect Functionality,Training,Major replication,Re-user,Algorithm/method,Low frequency type,Evolutionary defects
134,https://github.com/NVIDIA/DeepLearningExamples/issues/257,NVIDIA,DeepLearningExamples,257,Zoo Repository,No,2018-05-02T17:04:05Z,2019-10-15T10:01:12Z,530.0,,Tensorflow,yes,yes,Crash,Environment,Major replication,Enhancer,Internal interface,Wrong Environment Configuration,Basic defects
135,https://github.com/NVIDIA/DeepLearningExamples/issues/308,NVIDIA,DeepLearningExamples,308,Zoo Repository,No,2018-05-02T17:04:05Z,2019-11-19T22:25:27Z,566.0,,PyTorch,Not mentioned,Not mentioned,Crash,Environment,"User ""fork""",Re-user,Internal interface,API defects,Basic defects
136,https://github.com/NVIDIA/DeepLearningExamples/issues/319,NVIDIA,DeepLearningExamples,319,Zoo Repository,No,2018-05-02T17:04:05Z,2019-11-27T14:37:33Z,573.0,,TensorFlow,Yes,Yes,Crash,Modeling,"User ""fork""",Re-user,Assignment/initialization,Model/weight,Basic defects
137,https://github.com/NVIDIA/DeepLearningExamples/issues/383,NVIDIA,DeepLearningExamples,383,Zoo Repository,No,2018-05-02T17:04:05Z,2020-01-23T23:28:38Z,631.0,['bug'],Tensorflow,Not mentioned,Not mentioned,Low frequency type,Environment,"User ""fork""",Re-user,Algorithm/method,Low frequency type,Reproducibility defects
138,https://github.com/NVIDIA/DeepLearningExamples/issues/51,NVIDIA,DeepLearningExamples,51,Zoo Repository,No,2018-05-02T17:04:05Z,2019-05-22T21:41:04Z,385.0,,TensorFlow,Yes,Yes,Bad Performance (lower accuracy),Training,"User ""fork""",Re-user,Assignment/initialization,Low frequency type,Reproducibility defects
139,https://github.com/NVIDIA/DeepLearningExamples/issues/679,NVIDIA,DeepLearningExamples,679,Zoo Repository,No,2018-05-02T17:04:05Z,2020-09-08T14:16:25Z,859.0,['bug'],TensorFlow,Yes,Yes,Crash,Environment,Major replication,Re-user,External interface,API defects,Basic defects
140,https://github.com/NVIDIA/DeepLearningExamples/issues/681,NVIDIA,DeepLearningExamples,681,Zoo Repository,No,2018-05-02T17:04:05Z,2020-09-09T02:20:18Z,860.0,['bug'],PyTorch,Not mentioned,Not mentioned,Crash,Environment,"User ""fork""",Re-user,Internal interface,Low frequency type,Basic defects
141,https://github.com/NVIDIA/DeepLearningExamples/issues/78,NVIDIA,DeepLearningExamples,78,Zoo Repository,No,2018-05-02T17:04:05Z,2019-06-10T22:25:59Z,404.0,,TensorFlow,Yes,No,Numerical Instability,Training,"User ""fork""",Adaptor,Data structure,Training configurations,Evolutionary defects
142,https://github.com/NVIDIA/DeepLearningExamples/issues/820,NVIDIA,DeepLearningExamples,820,Zoo Repository,No,2018-05-02T17:04:05Z,2021-02-01T01:05:59Z,1005.0,,PyTorch,Yes,yes,Crash,Data pipeline,"User ""fork""",Re-user,Internal interface,Data preprocessing bugs,Basic defects
143,https://github.com/NVIDIA/DeepLearningExamples/issues/840,NVIDIA,DeepLearningExamples,840,Zoo Repository,No,2018-05-02T17:04:05Z,2021-02-23T16:30:01Z,1027.0,['bug'],TensorFlow,Yes,Yes,Crash,Environment,"User ""fork""",Re-user,External interface,Low frequency type,Basic defects
144,https://github.com/NVIDIA/DeepLearningExamples/issues/87,NVIDIA,DeepLearningExamples,87,Zoo Repository,No,2018-05-02T17:04:05Z,2019-06-26T05:43:14Z,419.0,,PyTorch,yes,Not mentioned,Crash,Training,"User ""fork""",Re-user,Assignment/initialization,Insufficient/incorrect documentation,Basic defects
145,https://github.com/NVIDIA/DeepLearningExamples/issues/956,NVIDIA,DeepLearningExamples,956,Zoo Repository,No,2018-05-02T17:04:05Z,2021-06-11T03:47:01Z,1135.0,['bug'],TensorFlow,Yes,Yes,Crash,Environment,Major replication,Re-user,Internal interface,Wrong Environment Configuration,Basic defects
146,https://github.com/NVIDIA/DeepLearningExamples/issues/964,NVIDIA,DeepLearningExamples,964,Zoo Repository,No,2018-05-02T17:04:05Z,2021-07-11T01:37:43Z,1165.0,['bug'],TensorFlow,Yes,Yes,Crash,Environment,"User ""fork""",Re-user,External interface,Wrong Environment Configuration,Basic defects
147,https://github.com/NVIDIA/DeepLearningExamples/issues/97,NVIDIA,DeepLearningExamples,97,Zoo Repository,No,2018-05-02T17:04:05Z,2019-07-04T08:00:51Z,427.0,,TensorFlow,Yes,Yes,Bad Performance (lower accuracy),Training,"User ""fork""",Re-user,Timing/optimization,Hyperparameters,Reproducibility defects
148,https://github.com/open-mmlab/mmdetection/issues/1811,open-mmlab,mmdetection,1811,Zoo Repository,No,2018-08-22T07:06:06Z,2019-12-14T06:22:27Z,478.0,,Pytorch,Yes,Not mentioned,Crash,Environment,"User ""fork""",Re-user,Internal interface,Low frequency type,Basic defects
149,https://github.com/open-mmlab/mmdetection/issues/188,open-mmlab,mmdetection,188,Zoo Repository,No,2018-08-22T07:06:06Z,2018-12-16T03:33:37Z,115.0,,Pytorch,Yes,No,Crash,Training,"User ""fork""",Adaptor,Memory exhaustion,Training configurations,Basic defects
150,https://github.com/open-mmlab/mmdetection/issues/2153,open-mmlab,mmdetection,2153,Zoo Repository,No,2018-08-22T07:06:06Z,2020-02-25T13:25:12Z,552.0,['awaiting response'],pytorch,Yes,Yes,Crash,Environment,"User ""fork""",Re-user,Internal interface,Wrong Environment Configuration,Basic defects
151,https://github.com/open-mmlab/mmdetection/issues/22,open-mmlab,mmdetection,22,Zoo Repository,No,2018-08-22T07:06:06Z,2018-10-13T02:26:07Z,51.0,,Pytorch,Yes,Not mentioned,Crash,Environment,"User ""fork""",Re-user,External interface,API defects,Basic defects
152,https://github.com/open-mmlab/mmdetection/issues/2627,open-mmlab,mmdetection,2627,Zoo Repository,No,2018-08-22T07:06:06Z,2020-05-06T12:35:30Z,623.0,,pytorch,Yes,Yes,Crash,Environment,"User ""fork""",Re-user,External interface,API defects,Basic defects
153,https://github.com/open-mmlab/mmdetection/issues/2665,open-mmlab,mmdetection,2665,Zoo Repository,No,2018-08-22T07:06:06Z,2020-05-09T09:22:29Z,626.0,,pytorch,Yes,Yes,Incorrect functionality,Data pipeline,Major replication,Enhancer,Checking,Data preprocessing bugs,Evolutionary defects
154,https://github.com/open-mmlab/mmdetection/issues/2678,open-mmlab,mmdetection,2678,Zoo Repository,No,2018-08-22T07:06:06Z,2020-05-10T21:46:27Z,627.0,['installation/env'],Pytorch,Yes,Not mentioned,Crash,Environment,Major replication,Re-user,External interface,GPU usage bug,Basic defects
155,https://github.com/open-mmlab/mmdetection/issues/2734,open-mmlab,mmdetection,2734,Zoo Repository,No,2018-08-22T07:06:06Z,2020-05-16T03:21:42Z,632.0,['bug'],Pytorch,Yes,Not mentioned,Crash,Environment,Major replication,Re-user,Internal interface,API defects,Basic defects
156,https://github.com/open-mmlab/mmdetection/issues/3271,open-mmlab,mmdetection,3271,Zoo Repository,No,2018-08-22T07:06:06Z,2020-07-10T04:31:27Z,687.0,['installation/env'],Pytorch,Yes,Not mentioned,Crash,Environment,"User ""fork""",Re-user,Internal interface,Wrong Environment Configuration,Basic defects
157,https://github.com/open-mmlab/mmdetection/issues/367,open-mmlab,mmdetection,367,Zoo Repository,No,2018-08-22T07:06:06Z,2019-03-06T14:45:17Z,196.0,,pytorch,Yes,Yes,Crash,Environment,"User ""fork""",Re-user,External interface,Wrong Environment Configuration,Basic defects
158,https://github.com/open-mmlab/mmdetection/issues/385,open-mmlab,mmdetection,385,Zoo Repository,No,2018-08-22T07:06:06Z,2019-03-10T13:04:19Z,200.0,['installation/env'],Pytorch,Yes,Not mentioned,Crash,Environment,"User ""fork""",Re-user,External interface,API defects,Basic defects
159,https://github.com/open-mmlab/mmdetection/issues/413,open-mmlab,mmdetection,413,Zoo Repository,No,2018-08-22T07:06:06Z,2019-03-18T10:59:30Z,208.0,,Pytorch,Yes,Not mentioned,Crash,Environment,"User ""fork""",Re-user,External interface,Wrong Environment Configuration,Basic defects
160,https://github.com/open-mmlab/mmdetection/issues/4309,open-mmlab,mmdetection,4309,Zoo Repository,No,2018-08-22T07:06:06Z,2020-12-15T09:01:21Z,846.0,,Pytorch,Not mentioned,Not mentioned,Crash,Data pipeline,"User ""fork""",Re-user,Internal interface,Low frequency type,Basic defects
161,https://github.com/open-mmlab/mmdetection/issues/482,open-mmlab,mmdetection,482,Zoo Repository,No,2018-08-22T07:06:06Z,2019-04-11T01:54:50Z,231.0,,pytorch,Yes,No,Crash,Data pipeline,"User ""fork""",Adaptor,Assignment/initialization,Corrupt Data,Basic defects
162,https://github.com/open-mmlab/mmdetection/issues/5329,open-mmlab,mmdetection,5329,Zoo Repository,No,2018-08-22T07:06:06Z,2021-06-10T07:49:27Z,1023.0,['deployment'],pytorch,No,Yes,Crash,Modeling,"User ""fork""",Enhancer,Data structure,Model/weight,Evolutionary defects
163,https://github.com/open-mmlab/mmdetection/issues/5377,open-mmlab,mmdetection,5377,Zoo Repository,No,2018-08-22T07:06:06Z,2021-06-16T19:50:56Z,1029.0,['reimplementation'],pytorch,Yes,No,Crash,Data pipeline,"User ""fork""",Adaptor,Assignment/initialization,Data preprocessing bugs,Basic defects
164,https://github.com/phillipi/pix2pix/issues/116,phillipi,pix2pix,116,Solo Repository,Yes,2016-11-16T22:48:50Z,2017-11-20T10:04:54Z,368.0,,Lua,Yes,No,Bad Performance (lower accuracy),Data pipeline,"User ""fork""",Re-user,Internal interface,Data preprocessing bugs,Reproducibility defects
165,https://github.com/phillipi/pix2pix/issues/126,phillipi,pix2pix,126,Solo Repository,Yes,2016-11-16T22:48:50Z,2018-01-19T07:36:30Z,428.0,,Lua,Yes,No,Bad Performance (lower accuracy),Training,"User ""fork""",Adaptor,Timing/optimization,Hyperparameters,Reproducibility defects
166,https://github.com/phillipi/pix2pix/issues/148,phillipi,pix2pix,148,Solo Repository,Yes,2016-11-16T22:48:50Z,2018-08-20T13:49:05Z,641.0,,Lua,Yes,Yes,Bad Performance (lower accuracy),Data pipeline,"User ""fork""",Enhancer,algorithm/method,Data preprocessing bugs,Evolutionary defects
167,https://github.com/phillipi/pix2pix/issues/159,phillipi,pix2pix,159,Solo Repository,Yes,2016-11-16T22:48:50Z,2019-02-17T18:02:01Z,822.0,,Lua,Yes,Yes,Crash,Data pipeline,"User ""fork""",Re-user,Non-functional defects,Training data quality,Basic defects
168,https://github.com/phillipi/pix2pix/issues/48,phillipi,pix2pix,48,Solo Repository,Yes,2016-11-16T22:48:50Z,2017-02-07T19:32:30Z,82.0,,Lua,Yes,No,Memory Exhaustion,Data pipeline,"User ""fork""",Adaptor,External interface,GPU Usage Bug,Basic defects
169,https://github.com/pytorch/vision/issues/1042,pytorch,vision,1042,Zoo Repository,No,2016-11-09T23:11:43Z,2019-06-24T06:46:30Z,956.0,,pytorch,Yes,No,Incorrect functionality,Data pipeline,Major replication,Adaptor,Algorithm/method,Corrupt Data,Evolutionary defects
170,https://github.com/pytorch/vision/issues/105,pytorch,vision,105,Zoo Repository,No,2016-11-09T23:11:43Z,2017-03-14T11:41:56Z,124.0,,pytorch,Yes,No,Crash,Data pipeline,Major replication,Adaptor,Data structure,Data preprocessing bugs,Basic defects
171,https://github.com/pytorch/vision/issues/1409,pytorch,vision,1409,Zoo Repository,No,2016-11-09T23:11:43Z,2019-10-03T08:35:13Z,1057.0,"help wanted, module: documentation, module: transforms",pytorch,Yes,Yes,Low frequency type,Data pipeline,Major replication,Enhancer,Non-functional defects,Insufficient/incorrect documentation,Evolutionary defects
172,https://github.com/pytorch/vision/issues/1414,pytorch,vision,1414,Zoo Repository,No,2016-11-09T23:11:43Z,2019-10-04T11:49:04Z,1058.0,"question, topic: binaries",pytorch,Yes,Yes,Crash,Environment,"User ""fork""",Re-user,Non-functional defects,API defects,Basic defects
173,https://github.com/pytorch/vision/issues/1827,pytorch,vision,1827,Zoo Repository,No,2016-11-09T23:11:43Z,2020-01-28T17:28:45Z,1174.0,['topic: build'],pytorch,Yes,No,Crash,Environment,"User ""fork""",Adaptor,External interface,API defects,Basic defects
174,https://github.com/pytorch/vision/issues/1899,pytorch,vision,1899,Zoo Repository,No,2016-11-09T23:11:43Z,2020-02-19T04:39:52Z,1196.0,['topic: binaries'],pytorch,Yes,Yes,Crash,Environment,"User ""fork""",Re-user,External interface,API defects,Basic defects
175,https://github.com/pytorch/vision/issues/2148,pytorch,vision,2148,Zoo Repository,No,2016-11-09T23:11:43Z,2020-04-27T11:54:31Z,1264.0,"enhancement, help wanted, high priority, modulel: documentation, module: ops",pytorch,Yes,Yes,Crash,Environment,"User ""fork""",Re-user,External interface,API defects,Basic defects
176,https://github.com/pytorch/vision/issues/2262,pytorch,vision,2262,Zoo Repository,No,2016-11-09T23:11:43Z,2020-05-25T18:16:03Z,1292.0,"duplicate, help wanted, module: datasets",pytorch,Yes,Yes,Low frequency type,Data pipeline,"User ""fork""",Re-user,Internal interface,Corrupt Data,Basic defects
177,https://github.com/pytorch/vision/issues/2490,pytorch,vision,2490,Zoo Repository,No,2016-11-09T23:11:43Z,2020-07-19T13:11:28Z,1347.0,"module: io, module: video",pytorch,Yes,No,Incorrect functionality,Data pipeline,Major replication,Enhancer,Internal interface,Data preprocessing bugs,Evolutionary defects
178,https://github.com/pytorch/vision/issues/2822,pytorch,vision,2822,Zoo Repository,No,2016-11-09T23:11:43Z,2020-10-15T17:26:27Z,1435.0,['topic: build'],pytorch,Yes,Yes,Memory exhaustion,Training,"User ""fork""",Re-user,Memory exhaustion,GPU Usage Bug,Basic defects
179,https://github.com/pytorch/vision/issues/302,pytorch,vision,302,Zoo Repository,No,2016-11-09T23:11:43Z,2017-10-18T06:55:22Z,342.0,,pytorch,Yes,No,Crash,Environment,"User ""fork""",Re-user,External interface,Training configurations,Basic defects
180,https://github.com/pytorch/vision/issues/3251,pytorch,vision,3251,Zoo Repository,No,2016-11-09T23:11:43Z,2021-01-14T10:42:31Z,1526.0,['module: onnx'],pytorch,Yes,Yes,Crash,Environment,Major replication,Re-user,Internal interface,API defects,Basic defects
181,https://github.com/pytorch/vision/issues/3751,pytorch,vision,3751,Zoo Repository,No,2016-11-09T23:11:43Z,2021-04-29T09:25:47Z,1631.0,['topic: build'],pytorch,Yes,Yes,Crash,Environment,Major replication,Re-user,External interface,API defects,Basic defects
182,https://github.com/pytorch/vision/issues/978,pytorch,vision,978,Zoo Repository,No,2016-11-09T23:11:43Z,2019-05-31T19:25:33Z,932.0,"module: models, question, topic: object detection",pytorch,No,Not mentioned,Crash,Training,"User ""fork""",Enhancer,Assignment/initialization,Training configurations,Basic defects
183,https://github.com/qqwweee/keras-yolo3/issues/165,qqwweee,keras-yolo3,165,Solo Repository,No,2018-04-03T03:36:21Z,2018-07-09T11:01:34Z,97.0,,Keras,Yes,yes,Crash,Environment,Major replication,Re-user,Internal interface,Wrong Environment Configuration,Basic defects
184,https://github.com/qqwweee/keras-yolo3/issues/30,qqwweee,keras-yolo3,30,Solo Repository,No,2018-04-03T03:36:21Z,2018-05-04T08:44:44Z,31.0,,Keras,Yes,No,Numerical Instability,Training,"User ""fork""",Adaptor,Algorithm/method,Low frequency type,Evolutionary defects
185,https://github.com/qqwweee/keras-yolo3/issues/332,qqwweee,keras-yolo3,332,Solo Repository,No,2018-04-03T03:36:21Z,2019-01-27T16:21:03Z,299.0,,Keras,Yes,Yes,Crash,Environment,"User ""fork""",Re-user,External interface,API defects,Basic defects
186,https://github.com/qqwweee/keras-yolo3/issues/354,qqwweee,keras-yolo3,354,Solo Repository,No,2018-04-03T03:36:21Z,2019-02-27T02:35:03Z,329.0,,Keras,Not mentioned,No,Bad Performance (lower accuracy),Training,"User ""fork""",Adaptor,Algorithm/method,Low frequency type,Evolutionary defects
187,https://github.com/qqwweee/keras-yolo3/issues/45,qqwweee,keras-yolo3,45,Solo Repository,No,2018-04-03T03:36:21Z,2018-05-08T13:28:06Z,35.0,,Keras,yes,No,Numerical instability,Data pipeline,Major replication,Adaptor,Algorithm/method,Low frequency type,Evolutionary defects
188,https://github.com/qqwweee/keras-yolo3/issues/47,qqwweee,keras-yolo3,47,Solo Repository,No,2018-04-03T03:36:21Z,2018-05-10T08:15:37Z,37.0,,Keras,Not mentioned,No,Bad Performance (lower accuracy),Training,"User ""fork""",Adaptor,Assignment/initialization,Model/weight,Evolutionary defects
189,https://github.com/qqwweee/keras-yolo3/issues/48,qqwweee,keras-yolo3,48,Solo Repository,No,2018-04-03T03:36:21Z,2018-05-10T10:11:49Z,37.0,,Keras,Yes,Not mentioned,Crash,Modeling,"User ""fork""",Re-user,Assignment/initialization,Model/weight,Basic defects
190,https://github.com/qqwweee/keras-yolo3/issues/480,qqwweee,keras-yolo3,480,Solo Repository,No,2018-04-03T03:36:21Z,2019-06-10T01:11:28Z,432.0,,Keras,Not mentioned,Not mentioned,Crash,Modeling,"User ""fork""",Re-user,Assignment/initialization,Model/weight,Basic defects
191,https://github.com/qqwweee/keras-yolo3/issues/544,qqwweee,keras-yolo3,544,Solo Repository,No,2018-04-03T03:36:21Z,2019-08-31T09:05:38Z,515.0,,Keras,Not mentioned,Not mentioned,Crash,Environment,"User ""fork""",Re-user,External interface,API defects,Basic defects
192,https://github.com/qqwweee/keras-yolo3/issues/546,qqwweee,keras-yolo3,546,Solo Repository,No,2018-04-03T03:36:21Z,2019-09-03T13:50:41Z,518.0,,Keras,Yes,Not mentioned,Crash,Modeling,"User ""fork""",Re-user,Assignment/initialization,Model/weight,Basic defects
193,https://github.com/qqwweee/keras-yolo3/issues/55,qqwweee,keras-yolo3,55,Solo Repository,No,2018-04-03T03:36:21Z,2018-05-16T08:32:22Z,43.0,,Keras,Not mentioned,No,Crash,Data pipeline,"User ""fork""",Adaptor,Internal interface,Corrupt data,Basic defects
194,https://github.com/qqwweee/keras-yolo3/issues/72,qqwweee,keras-yolo3,72,Solo Repository,No,2018-04-03T03:36:21Z,2018-05-27T16:58:49Z,54.0,,Keras,Yes,Yes,Bad Performance (lower speed),Environment,"User ""fork""",Re-user,External interface,GPU Usage Bug,Reproducibility defects
195,https://github.com/qqwweee/keras-yolo3/issues/81,qqwweee,keras-yolo3,81,Solo Repository,No,2018-04-03T03:36:21Z,2018-06-02T09:55:32Z,60.0,,Keras,Yes,Yes,Crash,Environment,"User ""fork""",Re-user,External interface,API defects,Basic defects
196,https://github.com/qubvel/segmentation_models/issues/137,qubvel,segmentation_models,137,Zoo Repository,No,2018-06-05T13:27:56Z,2019-07-08T10:57:25Z,397.0,,Keras,Yes,No,crash,Data pipeline,"User ""fork""",Re-user,Data structure,Data preprocessing bugs,Basic defects
197,https://github.com/qubvel/segmentation_models/issues/153,qubvel,segmentation_models,153,Zoo Repository,No,2018-06-05T13:27:56Z,2019-08-02T11:06:31Z,422.0,,Keras,Not mentioned,no,Crash,Modeling,"User ""fork""",Adaptor,Internal interface,Model/weight,Basic defects
198,https://github.com/qubvel/segmentation_models/issues/167,qubvel,segmentation_models,167,Zoo Repository,No,2018-06-05T13:27:56Z,2019-08-10T12:31:43Z,430.0,,Keras,Yes,Yes,Memory Exhaustion,Training,"User ""fork""",Re-user,Internal interface,GPU usage bug,Basic defects
199,https://github.com/qubvel/segmentation_models/issues/294,qubvel,segmentation_models,294,Zoo Repository,No,2018-06-05T13:27:56Z,2020-02-10T18:54:02Z,615.0,,Keras,Yes,Not mentioned,incorrect functionality,Training,"User ""fork""",Re-user,Assignment/initialization,Hyperparameters,Reproducibility defects
200,https://github.com/qubvel/segmentation_models/issues/32,qubvel,segmentation_models,32,Zoo Repository,No,2018-06-05T13:27:56Z,2018-12-14T13:29:38Z,192.0,,Keras,Not mentioned,no,Crash,Data pipeline,"User ""fork""",Adaptor,Assignment/initialization,Data preprocessing bugs,Basic defects
201,https://github.com/qubvel/segmentation_models/issues/80,qubvel,segmentation_models,80,Zoo Repository,No,2018-06-05T13:27:56Z,2019-03-20T17:21:21Z,288.0,,Keras,Yes,Yes,Crash,Environment,"User ""fork""",Re-user,Internal interface,Wrong Environment Configuration,Basic defects
202,https://github.com/qubvel/segmentation_models/issues/9,qubvel,segmentation_models,9,Zoo Repository,No,2018-06-05T13:27:56Z,2018-09-10T17:53:58Z,97.0,,Keras,yes,Not mentioned,Crash,Environment,"User ""fork""",Re-user,Internal interface,Wrong Environment Configuration,Basic defects
203,https://github.com/qubvel/segmentation_models/issues/90,qubvel,segmentation_models,90,Zoo Repository,No,2018-06-05T13:27:56Z,2019-04-17T08:07:16Z,315.0,['bug'],Keras,No,Not mentioned,Bad Performance (lower accuracy),Training,Major replication,Enhancer,Internal interface,Low frequency type,Evolutionary defects
204,https://github.com/rbgirshick/py-faster-rcnn/issues/130,rbgirshick,py-faster-rcnn,130,Solo Repository,No,2015-09-25T21:04:08Z,2016-03-27T03:51:05Z,183.0,,Caffe,Yes,Yes,Crash,Environment,"User ""fork""",Re-user,External interface,GPU Usage Bug,Basic defects
205,https://github.com/rbgirshick/py-faster-rcnn/issues/159,rbgirshick,py-faster-rcnn,159,Solo Repository,No,2015-09-25T21:04:08Z,2016-04-26T11:00:00Z,213.0,,Caffe,Yes,Not mentioned,Crash,Data pipeline,"User ""fork""",Re-user,Assignment/initialization,Layer properties,Basic defects
206,https://github.com/rbgirshick/py-faster-rcnn/issues/161,rbgirshick,py-faster-rcnn,161,Solo Repository,No,2015-09-25T21:04:08Z,2016-04-28T08:55:04Z,215.0,,Caffe,No,No,Crash,Data pipeline,"User ""fork""",Adaptor,Data structure,Corrupt Data,Basic defects
207,https://github.com/rbgirshick/py-faster-rcnn/issues/2,rbgirshick,py-faster-rcnn,2,Solo Repository,No,2015-09-25T21:04:08Z,2015-10-08T04:52:18Z,12.0,,Caffe,Yes,No,Crash,Environment,"User ""fork""",Enhancer,External interface,GPU Usage Bug,Basic defects
208,https://github.com/rbgirshick/py-faster-rcnn/issues/237,rbgirshick,py-faster-rcnn,237,Solo Repository,No,2015-09-25T21:04:08Z,2016-07-01T03:42:51Z,279.0,,Caffe,Yes,Not mentioned,Crash,Environment,Major replication,Enhancer,External interface,GPU Usage Bug,Basic defects
209,https://github.com/rbgirshick/py-faster-rcnn/issues/238,rbgirshick,py-faster-rcnn,238,Solo Repository,No,2015-09-25T21:04:08Z,2016-07-01T03:47:17Z,279.0,,Caffe,Yes,Yes,Crash,Training,"User ""fork""",Re-user,Assignment/initialization,Hyperparameters,Basic defects
210,https://github.com/rbgirshick/py-faster-rcnn/issues/267,rbgirshick,py-faster-rcnn,267,Solo Repository,No,2015-09-25T21:04:08Z,2016-07-21T10:00:59Z,299.0,,Caffe,No,No,Low frequency type,Modeling,"User ""fork""",Enhancer,Algorithm/method,Layer properties,Evolutionary defects
211,https://github.com/rbgirshick/py-faster-rcnn/issues/427,rbgirshick,py-faster-rcnn,427,Solo Repository,No,2015-09-25T21:04:08Z,2016-12-05T10:18:09Z,436.0,,Caffe,Yes,Yes,Crash,Environment,"User ""fork""",Re-user,External interface,API defects,Basic defects
212,https://github.com/rbgirshick/py-faster-rcnn/issues/480,rbgirshick,py-faster-rcnn,480,Solo Repository,No,2015-09-25T21:04:08Z,2017-02-06T09:44:46Z,499.0,,Caffe,Yes,Yes,Crash,Environment,"User ""fork""",Re-user,External interface,API defects,Basic defects
213,https://github.com/rbgirshick/py-faster-rcnn/issues/481,rbgirshick,py-faster-rcnn,481,Solo Repository,No,2015-09-25T21:04:08Z,2017-02-07T23:17:14Z,501.0,,Caffe,Yes,No,Crash,Environment,"User ""fork""",Adaptor,External interface,API defects,Basic defects
214,https://github.com/rbgirshick/py-faster-rcnn/issues/509,rbgirshick,py-faster-rcnn,509,Solo Repository,No,2015-09-25T21:04:08Z,2017-03-02T03:12:36Z,523.0,,Caffe,Yes,Yes,Crash,Environment,"User ""fork""",Re-user,Internal interface,API defects,Basic defects
215,https://github.com/rbgirshick/py-faster-rcnn/issues/586,rbgirshick,py-faster-rcnn,586,Solo Repository,No,2015-09-25T21:04:08Z,2017-05-22T05:54:49Z,604.0,,Caffe,Yes,No,Low frequency type,Training,"User ""fork""",Adaptor,Non-functional defects,Training configurations,Evolutionary defects
216,https://github.com/rbgirshick/py-faster-rcnn/issues/591,rbgirshick,py-faster-rcnn,591,Solo Repository,No,2015-09-25T21:04:08Z,2017-05-25T09:59:48Z,607.0,,Caffe,Yes,No,Bad performance (lower accuracy),Data pipeline,"User ""fork""",Re-user,Algorithm/method,Layer properties,Evolutionary defects
217,https://github.com/rbgirshick/py-faster-rcnn/issues/62,rbgirshick,py-faster-rcnn,62,Solo Repository,No,2015-09-25T21:04:08Z,2016-01-14T01:46:19Z,110.0,,Caffe,No,Yes,Bad Performance (lower accuracy),Modeling,"User ""fork""",Enhancer,Algorithm/method,Network Structure,Evolutionary defects
218,https://github.com/rbgirshick/py-faster-rcnn/issues/65,rbgirshick,py-faster-rcnn,65,Solo Repository,No,2015-09-25T21:04:08Z,2016-01-14T17:31:03Z,110.0,,Caffe,Yes,No,Numerical Instability,Training,"User ""fork""",Adaptor,Assignment/initialization,Training configurations,Basic defects
219,https://github.com/rbgirshick/py-faster-rcnn/issues/8,rbgirshick,py-faster-rcnn,8,Solo Repository,No,2015-09-25T21:04:08Z,2015-10-28T04:23:05Z,32.0,,Caffe,Yes,Yes,Crash,Environment,"User ""fork""",Re-user,Non-functional defects,Low frequency type,Basic defects
220,https://github.com/rbgirshick/py-faster-rcnn/issues/9,rbgirshick,py-faster-rcnn,9,Solo Repository,No,2015-09-25T21:04:08Z,2015-11-01T16:34:24Z,36.0,,Caffe,No,No,Low frequency type,Data pipeline,"User ""fork""",Adaptor,Assignment/initialization,Training Data Quality,Basic defects
221,https://github.com/rwightman/pytorch-image-models/issues/316,rwightman,pytorch-image-models,316,Zoo Repository,No,2019-02-02T05:51:12Z,2020-12-20T04:40:23Z,686.0,['bug'],pytorch,Yes,Yes,Crash,Environment,"User ""fork""",Re-user,Internal interface,Wrong Environment Configuration,Basic defects
222,https://github.com/rwightman/pytorch-image-models/issues/45,rwightman,pytorch-image-models,45,Zoo Repository,No,2019-02-02T05:51:12Z,2019-10-21T21:22:38Z,261.0,,pytorch,Yes,Yes,Bad Performance (lower accuracy),Training,Major replication,Re-user,Assignment/initialization,Hyperparameters,Reproducibility defects
223,https://github.com/rwightman/pytorch-image-models/issues/72,rwightman,pytorch-image-models,72,Zoo Repository,No,2019-02-02T05:51:12Z,2020-01-08T14:57:35Z,340.0,,PyTorch,yes,yes,Memory Exhaustion,Training,"User ""fork""",Re-user,Algorithm/method,GPU Usage Bug,Basic defects
224,https://github.com/rwightman/pytorch-image-models/issues/8,rwightman,pytorch-image-models,8,Zoo Repository,No,2019-02-02T05:51:12Z,2019-06-04T02:32:19Z,121.0,['enhancement'],pytorch,No,Yes,Bad Performance (lower accuracy),Data pipeline,Major replication,Re-user,Algorithm/method,Training data quality,Evolutionary defects
225,https://github.com/rwightman/pytorch-image-models/issues/80,rwightman,pytorch-image-models,80,Zoo Repository,No,2019-02-02T05:51:12Z,2020-02-03T21:33:18Z,366.0,,PyTorch,Yes,no,Memory Exhaustion,Training,"User ""fork""",Adaptor,Algorithm/method,GPU Usage Bug,Basic defects
226,https://github.com/ShaoqingRen/faster_rcnn/issues/45,ShaoqingRen,faster_rcnn,45,Solo Repository,Yes,2015-08-06T06:38:25Z,2015-12-04T19:06:21Z,120.0,,caffe,Yes,Yes,Crash,Modeling,"User ""fork""",Re-user,Algorithm/method,Low frequency type,Basic defects
227,https://github.com/ShaoqingRen/faster_rcnn/issues/55,ShaoqingRen,faster_rcnn,55,Solo Repository,Yes,2015-08-06T06:38:25Z,2016-01-06T04:37:22Z,152.0,,caffe,Yes,Yes,Crash,Environment,"User ""fork""",Re-user,External interface,GPU Usage Bug,Basic defects
228,https://github.com/ShaoqingRen/faster_rcnn/issues/58,ShaoqingRen,faster_rcnn,58,Solo Repository,Yes,2015-08-06T06:38:25Z,2016-01-08T21:27:20Z,155.0,,caffe,Yes,Yes,Crash,Environment,"User ""fork""",Re-user,External interface,Wrong Environment Configuration,Basic defects
229,https://github.com/ShaoqingRen/faster_rcnn/issues/7,ShaoqingRen,faster_rcnn,7,Solo Repository,Yes,2015-08-06T06:38:25Z,2015-09-14T20:00:28Z,39.0,,caffe,yes,Not mentioned,Crash,Environment,Major replication,Re-user,Internal interface,API defects,Basic defects
230,https://github.com/tensorflow/models/issues/1050,tensorflow,models,1050,Zoo Repository,No,2016-02-05T01:15:20Z,2017-02-21T20:48:02Z,382.0,['stat:awaiting model gardener'],tensorflow,yes,Not mentioned,crash,Environment,"User ""fork""",Re-user,Non-functional defects,Insufficient/incorrect documentation,Basic defects
231,https://github.com/tensorflow/models/issues/1064,tensorflow,models,1064,Zoo Repository,No,2016-02-05T01:15:20Z,2017-02-24T08:19:24Z,385.0,['stat:awaiting response'],tensorflow,Yes,Yes,Crash,Environment,"User ""fork""",Re-user,External interface,API defects,Basic defects
232,https://github.com/tensorflow/models/issues/1082,tensorflow,models,1082,Zoo Repository,No,2016-02-05T01:15:20Z,2017-02-28T15:01:41Z,389.0,['stat:awaiting response'],tensorflow,yes,Not mentioned,Numerical instability,Data pipeline,"User ""fork""",Re-user,Logic,Low frequency type,Basic defects
233,https://github.com/tensorflow/models/issues/1200,tensorflow,models,1200,Zoo Repository,No,2016-02-05T01:15:20Z,2017-03-17T23:10:38Z,406.0,['stat:awaiting model gardener'],tensorflow,yes,Not mentioned,crash,Environment,"User ""fork""",Re-user,Internal interface,Low frequency type,Basic defects
234,https://github.com/tensorflow/models/issues/1251,tensorflow,models,1251,Zoo Repository,No,2016-02-05T01:15:20Z,2017-03-24T01:44:07Z,413.0,['help wanted'],tensorflow,yes,Not mentioned,incorrect functionality,Environment,Major replication,Enhancer,Data structure,Corrupt data,Evolutionary defects
235,https://github.com/tensorflow/models/issues/1278,tensorflow,models,1278,Zoo Repository,No,2016-02-05T01:15:20Z,2017-03-30T17:58:10Z,419.0,,tensorflow,Yes,No,Crash,Data Pipeline,"User ""fork""",Adaptor,Assignment/initialization,Data preprocessing bugs,Basic defects
236,https://github.com/tensorflow/models/issues/1595,tensorflow,models,1595,Zoo Repository,No,2016-02-05T01:15:20Z,2017-06-17T17:44:03Z,498.0,,TensorFlow,Yes,Yes,Crash,Environment,"User ""fork""",Re-user,Internal interface,Wrong Environment Configuration,Basic defects
237,https://github.com/tensorflow/models/issues/1604,tensorflow,models,1604,Zoo Repository,No,2016-02-05T01:15:20Z,2017-06-19T02:28:17Z,500.0,,tensorflow,Yes,Yes,Crash,Environment,"User ""fork""",Re-user,External interface,API defects,Basic defects
238,https://github.com/tensorflow/models/issues/1698,tensorflow,models,1698,Zoo Repository,No,2016-02-05T01:15:20Z,2017-06-20T13:43:10Z,501.0,['stat:awaiting response'],tensorflow,Yes,Yes,Crash,Environment,"User ""fork""",Re-user,External interface,API defects,Basic defects
239,https://github.com/tensorflow/models/issues/1715,tensorflow,models,1715,Zoo Repository,No,2016-02-05T01:15:20Z,2017-06-21T08:34:55Z,502.0,['stat:awaiting model gardener'],tensorflow,Yes,Yes,Bad Performance (lower speed),Training,Major replication,Enhancer,Timing/optimization,Low frequency type,Evolutionary defects
240,https://github.com/tensorflow/models/issues/1836,tensorflow,models,1836,Zoo Repository,No,2016-02-05T01:15:20Z,2017-07-02T23:14:43Z,513.0,"type:support, stat:awaiting response",tensorflow,Yes,Yes,Crash,Training,"User ""fork""",Re-user,Non-functional defects,Training configurations,Basic defects
241,https://github.com/tensorflow/models/issues/1957,tensorflow,models,1957,Zoo Repository,No,2016-02-05T01:15:20Z,2017-07-14T10:21:00Z,525.0,,tensorflow,Yes,Yes,Crash,Training,"User ""fork""",Re-user,Non-functional defects,Low frequency type,Basic defects
242,https://github.com/tensorflow/models/issues/2088,tensorflow,models,2088,Zoo Repository,No,2016-02-05T01:15:20Z,2017-08-01T19:55:30Z,543.0,,tensorflow,Yes,Yes,Crash,Environment,"User ""fork""",Re-user,Internal interface,API defects,Basic defects
243,https://github.com/tensorflow/models/issues/2137,tensorflow,models,2137,Zoo Repository,No,2016-02-05T01:15:20Z,2017-08-06T09:43:55Z,548.0,"stat: awaiting model gardener, type: bug",tensorflow,No,No,Crash,Modeling,"User ""fork""",Adaptor,Non-functional defects,Model/weight,Evolutionary defects
244,https://github.com/tensorflow/models/issues/2231,tensorflow,models,2231,Zoo Repository,No,2016-02-05T01:15:20Z,2017-08-17T05:51:30Z,559.0,,TensorFlow,Yes,No,Crash,Environment,"User ""fork""",Adaptor,Internal interface,Wrong Environment Configuration,Basic defects
245,https://github.com/tensorflow/models/issues/2312,tensorflow,models,2312,Zoo Repository,No,2016-02-05T01:15:20Z,2017-08-30T13:38:16Z,572.0,"stat: community support, type: support",tensorflow,Yes,Yes,Crash,Data pipeline,"User ""fork""",Re-user,Assignment/initialization,Training configurations,Basic defects
246,https://github.com/tensorflow/models/issues/2675,tensorflow,models,2675,Zoo Repository,No,2016-02-05T01:15:20Z,2017-11-01T06:38:45Z,635.0,['stat:awaiting response'],tensorflow,Yes,Yes,Crash,Environment,"User ""fork""",Re-user,Internal interface,Model/weight,Basic defects
247,https://github.com/tensorflow/models/issues/2676,tensorflow,models,2676,Zoo Repository,No,2016-02-05T01:15:20Z,2017-11-01T07:36:50Z,635.0,,TensorFlow,Yes,Yes,Crash,Environment,"User ""fork""",Re-user,Internal interface,Wrong Environment Configuration,Basic defects
248,https://github.com/tensorflow/models/issues/2803,tensorflow,models,2803,Zoo Repository,No,2016-02-05T01:15:20Z,2017-11-15T15:53:33Z,649.0,['stat:awaiting model gardener'],tensorflow,Yes,Yes,Crash,Environment,"User ""fork""",Re-user,External interface,GPU Usage Bug,Basic defects
249,https://github.com/tensorflow/models/issues/3031,tensorflow,models,3031,Zoo Repository,No,2016-02-05T01:15:20Z,2017-12-20T08:32:58Z,684.0,,tensorflow,yes,Not mentioned,incorrect functionality,Training,Major replication,Adaptor,Non-functional defects,Insufficient/incorrect documentation,Evolutionary defects
250,https://github.com/tensorflow/models/issues/3289,tensorflow,models,3289,Zoo Repository,No,2016-02-05T01:15:20Z,2018-02-01T00:01:48Z,726.0,,tensorflow,Yes,Yes,Crash,Environment,Major replication,Re-user,External interface,API defects,Basic defects
251,https://github.com/tensorflow/models/issues/3291,tensorflow,models,3291,Zoo Repository,No,2016-02-05T01:15:20Z,2018-02-01T00:25:34Z,726.0,['stat:awaiting model gardener'],tensorflow,Yes,Yes,Crash,Environment,"User ""fork""",Re-user,External interface,Low frequency type,Basic defects
252,https://github.com/tensorflow/models/issues/3307,tensorflow,models,3307,Zoo Repository,No,2016-02-05T01:15:20Z,2018-02-02T11:28:42Z,728.0,,tensorflow,No,Yes,Numerical instability,Environment,"User ""fork""",Enhancer,External interface,API defects,Evolutionary defects
253,https://github.com/tensorflow/models/issues/3311,tensorflow,models,3311,Zoo Repository,No,2016-02-05T01:15:20Z,2018-02-02T22:15:23Z,728.0,['stat:awaiting response'],tensorflow,Yes,Yes,Bad Performance (lower speed),Environment,Major replication,Enhancer,External interface,GPU Usage Bug,Evolutionary defects
254,https://github.com/tensorflow/models/issues/3331,tensorflow,models,3331,Zoo Repository,No,2016-02-05T01:15:20Z,2018-02-06T15:58:01Z,732.0,,tensorflow,yes,Not mentioned,crash,Environment,"User ""fork""",Re-user,Data structure,API defects,Basic defects
255,https://github.com/tensorflow/models/issues/337,tensorflow,models,337,Zoo Repository,No,2016-02-05T01:15:20Z,2016-08-24T00:31:37Z,200.0,,TensorFlow,Yes,Not mentioned,Crash,Environment,"User ""fork""",Re-user,External interface,Wrong Environment Configuration,Basic defects
256,https://github.com/tensorflow/models/issues/3387,tensorflow,models,3387,Zoo Repository,No,2016-02-05T01:15:20Z,2018-02-15T01:07:02Z,740.0,['stat:awaiting response'],tensorflow,Yes,Yes,Crash,Training,"User ""fork""",Re-user,Syntax error,Training configurations,Basic defects
257,https://github.com/tensorflow/models/issues/3673,tensorflow,models,3673,Zoo Repository,No,2016-02-05T01:15:20Z,2018-03-20T18:43:57Z,774.0,,tensorflow,yes,yes,Bad Performance (lower accuracy),Environment,"User ""fork""",Re-user,Internal interface,Wrong Environment Configuration,Reproducibility defects
258,https://github.com/tensorflow/models/issues/3716,tensorflow,models,3716,Zoo Repository,No,2016-02-05T01:15:20Z,2018-03-23T10:54:23Z,777.0,,tensorflow,Yes,Yes,Crash,Data pipeline,"User ""fork""",Re-user,Internal interface,Data preprocessing bugs,Basic defects
259,https://github.com/tensorflow/models/issues/3872,tensorflow,models,3872,Zoo Repository,No,2016-02-05T01:15:20Z,2018-04-04T12:30:42Z,789.0,,tensorflow,yes,no ,crash,Environment,"User ""fork""",Adaptor,External interface,API defects,Basic defects
260,https://github.com/tensorflow/models/issues/3882,tensorflow,models,3882,Zoo Repository,No,2016-02-05T01:15:20Z,2018-04-05T11:04:56Z,790.0,,tensorflow,yes,yes,Bad Performance (lower accuracy),Environment,"User ""fork""",Re-user,External interface,GPU Usage Bug,Reproducibility defects
261,https://github.com/tensorflow/models/issues/3937,tensorflow,models,3937,Zoo Repository,No,2016-02-05T01:15:20Z,2018-04-10T13:35:51Z,795.0,['stat:awaiting model gardener'],tensorflow,Yes,No,Crash,Environment,Major replication,Adaptor,External interface,API defects,Evolutionary defects
262,https://github.com/tensorflow/models/issues/394,tensorflow,models,394,Zoo Repository,No,2016-02-05T01:15:20Z,2016-09-07T05:21:09Z,215.0,['stat:awaiting response'],tensorflow,Yes,Yes,Crash,Environment,"User ""fork""",Re-user,External interface,API defects,Basic defects
263,https://github.com/tensorflow/models/issues/4114,tensorflow,models,4114,Zoo Repository,No,2016-02-05T01:15:20Z,2018-04-28T02:58:46Z,813.0,['stat:awaiting response'],tensorflow,Yes,Yes,Crash,Environment,"User ""fork""",Re-user,External interface,API defects,Basic defects
264,https://github.com/tensorflow/models/issues/4285,tensorflow,models,4285,Zoo Repository,No,2016-02-05T01:15:20Z,2018-05-17T08:43:47Z,832.0,,tensorflow,Yes,Yes,Bad Performance (lower speed),Environment,Major replication,Enhancer,External interface,GPU Usage Bug,Evolutionary defects
265,https://github.com/tensorflow/models/issues/4524,tensorflow,models,4524,Zoo Repository,No,2016-02-05T01:15:20Z,2018-06-13T17:55:59Z,859.0,,tensorflow,Yes,No,Crash,Training,"User ""fork""",Adaptor,Algorithm/method,Hyperparameters,Basic defects
266,https://github.com/tensorflow/models/issues/4774,tensorflow,models,4774,Zoo Repository,No,2016-02-05T01:15:20Z,2018-07-15T13:20:29Z,891.0,['stat:awaiting maintainer'],tensorflow,no,Not mentioned,Bad Performance (lower speed),Environment,Major replication,Enhancer,Timing/optimization,GPU usage bug,Evolutionary defects
267,https://github.com/tensorflow/models/issues/4780,tensorflow,models,4780,Zoo Repository,No,2016-02-05T01:15:20Z,2018-07-16T14:44:04Z,892.0,,tensorflow,yes,no,crash,Environment,Major replication,Adaptor,External interface,API defects,Basic defects
268,https://github.com/tensorflow/models/issues/5391,tensorflow,models,5391,Zoo Repository,No,2016-02-05T01:15:20Z,2018-09-27T12:16:47Z,965.0,,tensorflow,yes,yes,crash,Data pipeline,"User ""fork""",Re-user,Internal interface,Training data quality,Basic defects
269,https://github.com/tensorflow/models/issues/54,tensorflow,models,54,Zoo Repository,No,2016-02-05T01:15:20Z,2016-04-26T09:49:21Z,81.0,['type:bug'],tensorflow,yes,Not mentioned,Bad Performance (lower speed),Training,Major replication,Enhancer,Timing/optimization,GPU usage bug,Evolutionary defects
270,https://github.com/tensorflow/models/issues/5633,tensorflow,models,5633,Zoo Repository,No,2016-02-05T01:15:20Z,2018-10-29T13:30:31Z,997.0,,tensorflow,Yes,Yes,Crash,Environment,Major replication,Re-user,External interface,Wrong Environment Configuration,Basic defects
271,https://github.com/tensorflow/models/issues/5851,tensorflow,models,5851,Zoo Repository,No,2016-02-05T01:15:20Z,2018-12-02T16:36:04Z,1031.0,,tensorflow,Yes,Yes,Incorrect Functionality,Environment,"User ""fork""",Re-user,Non-functional defects,Low frequency type,Basic defects
272,https://github.com/tensorflow/models/issues/6043,tensorflow,models,6043,Zoo Repository,No,2016-02-05T01:15:20Z,2019-01-14T15:40:13Z,1074.0,['models:research'],tensorflow,Yes,Yes,Numerical instability,Training,"User ""fork""",Re-user,Assignment/initialization,Low frequency type,Basic defects
273,https://github.com/tensorflow/models/issues/6173,tensorflow,models,6173,Zoo Repository,No,2016-02-05T01:15:20Z,2019-02-08T15:46:47Z,1099.0,['models:research'],TensorFlow,Yes,Yes,Low frequency type,Data pipeline,"User ""fork""",Re-user,Non-functional defects,Insufficient/incorrect documentation,Reproducibility defects
274,https://github.com/tensorflow/models/issues/816,tensorflow,models,816,Zoo Repository,No,2016-02-05T01:15:20Z,2016-12-26T18:21:50Z,325.0,,tensorflow,yes,no,incorrect functionality,Modeling,"User ""fork""",Adaptor,Non-functional defects,Model/weight,Basic defects
275,https://github.com/tensorflow/models/issues/8265,tensorflow,models,8265,Zoo Repository,No,2016-02-05T01:15:20Z,2020-03-11T01:27:10Z,1496.0,['type:support'],tensorflow,Yes,Yes,Crash,Environment,"User ""fork""",Re-user,Internal interface,Data preprocessing bugs,Basic defects
276,https://github.com/tensorflow/models/issues/8357,tensorflow,models,8357,Zoo Repository,No,2016-02-05T01:15:20Z,2020-04-03T10:00:52Z,1519.0,"models: official, type: bug",tensorflow,Yes,Yes,Crash,Modeling,Major replication,Re-user,Algorithm/method,Model/weight,Basic defects
277,https://github.com/tensorflow/models/issues/836,tensorflow,models,836,Zoo Repository,No,2016-02-05T01:15:20Z,2017-01-01T22:33:27Z,331.0,['type:bug'],tensorflow,Yes,Yes,Crash,Environment,"User ""fork""",Re-user,Internal interface,API defects,Basic defects
278,https://github.com/tensorflow/models/issues/8532,tensorflow,models,8532,Zoo Repository,No,2016-02-05T01:15:20Z,2020-05-19T03:11:29Z,1565.0,stat:awaiting model gardener,tensorflow,Yes,Yes,Crash,Data pipeline,"User ""fork""",Re-user,Algorithm/method,Low frequency type,Basic defects
279,https://github.com/tensorflow/models/issues/8579,tensorflow,models,8579,Zoo Repository,No,2016-02-05T01:15:20Z,2020-05-27T11:19:26Z,1573.0,"models:official, stalled, stat:awaiting response, type:support",tensorflow,yes,yes,crash,Modeling,"User ""fork""",Re-user,Assignment/initialization,Model/weight,Basic defects
280,https://github.com/tensorflow/models/issues/9625,tensorflow,models,9625,Zoo Repository,No,2016-02-05T01:15:20Z,2021-01-12T04:26:16Z,1803.0,"model: research, type: bug",tensorflow,Yes,Yes,Crash,Environment,"User ""fork""",Re-user,External interface,API defects,Basic defects
281,https://github.com/ultralytics/yolov3/issues/104,ultralytics,yolov3,104,Solo Repository,No,2018-08-26T08:57:20Z,2019-02-21T08:38:58Z,178.0,,Pytorch,Yes,Not mentioned,Crash,Environment,"User ""fork""",Re-user,Internal interface,Low frequency type,Basic defects
282,https://github.com/ultralytics/yolov3/issues/1074,ultralytics,yolov3,1074,Solo Repository,No,2018-08-26T08:57:20Z,2020-04-20T13:41:56Z,603.0,"stale, bug",Pytorch,Yes,Yes,Crash,Training,"User ""fork""",Re-user,Non-functional defects,Low frequency type,Basic defects
283,https://github.com/ultralytics/yolov3/issues/1097,ultralytics,yolov3,1097,Solo Repository,No,2018-08-26T08:57:20Z,2020-04-25T23:13:12Z,608.0,"stale, bug",Pytorch,Yes,Not mentioned,Crash,Training,"User ""fork""",Re-user,Assignment/initialization,Training configurations,Basic defects
284,https://github.com/ultralytics/yolov3/issues/1172,ultralytics,yolov3,1172,Solo Repository,No,2018-08-26T08:57:20Z,2020-05-13T17:10:04Z,626.0,['bug'],Pytorch,No,No,Numerical Instability,Environment,"User ""fork""",Adaptor,External interface,API defects,Basic defects
285,https://github.com/ultralytics/yolov3/issues/1251,ultralytics,yolov3,1251,Solo Repository,No,2018-08-26T08:57:20Z,2020-05-28T19:55:41Z,641.0,"stale, bug",Pytorch,Yes,No,Bad Performance (lower speed),Training,"User ""fork""",Adaptor,Timing/optimization,Low frequency type,Evolutionary defects
286,https://github.com/ultralytics/yolov3/issues/146,ultralytics,yolov3,146,Solo Repository,No,2018-08-26T08:57:20Z,2019-03-21T07:05:29Z,206.0,['bug'],Pytorch,Yes,Yes,Bad Performance (lower accuracy),Training,Major replication,Enhancer,Assignment/initialization,GPU Usage Bug,Evolutionary defects
287,https://github.com/ultralytics/yolov3/issues/171,ultralytics,yolov3,171,Solo Repository,No,2018-08-26T08:57:20Z,2019-03-27T16:14:35Z,213.0,['bug'],Pytorch,Yes,Yes,Bad Performance (lower accuracy),Training,"User ""fork""",Re-user,Timing/optimization,Hyperparameters,Reproducibility defects
288,https://github.com/ultralytics/yolov3/issues/197,ultralytics,yolov3,197,Solo Repository,No,2018-08-26T08:57:20Z,2019-04-08T02:59:32Z,224.0,['bug'],Pytorch,Yes,No,Bad Performance (lower accuracy),Training,"User ""fork""",Adaptor,Assignment/initialization,Training configurations,Evolutionary defects
289,https://github.com/ultralytics/yolov3/issues/2,ultralytics,yolov3,2,Solo Repository,No,2018-08-26T08:57:20Z,2018-09-03T16:39:58Z,8.0,"bug, help wanted",Pytorch,Yes,Yes,Bad Performance (lower accuracy),Training,Major replication,Enhancer,Assignment/initialization,Low frequency type,Evolutionary defects
290,https://github.com/ultralytics/yolov3/issues/2,ultralytics,yolov3,2,Solo Repository,No,2018-08-26T08:57:20Z,2018-09-03T16:39:58Z,8.0,"bug, help wanted",Pytorch,No,Yes,Bad Performance (lower accuracy),Training,Major replication,Replicator,Algorithm/method,Low frequency type,Evolutionary defects
291,https://github.com/ultralytics/yolov3/issues/2,ultralytics,yolov3,2,Solo Repository,No,2018-08-26T08:57:20Z,2018-09-03T16:39:58Z,8.0,"bug, help wanted",Pytorch,No,Yes,Bad Performance (lower accuracy),Training,Major replication,Replicator,Algorithm/method,Low frequency type,Evolutionary defects
292,https://github.com/ultralytics/yolov3/issues/21,ultralytics,yolov3,21,Solo Repository,No,2018-08-26T08:57:20Z,2018-10-02T14:48:40Z,37.0,"bug, help wanted",Pytorch,Yes,Yes,Crash,Environment,Major replication,Enhancer,External interface,GPU Usage Bug,Evolutionary defects
293,https://github.com/ultralytics/yolov3/issues/22,ultralytics,yolov3,22,Solo Repository,No,2018-08-26T08:57:20Z,2018-10-04T16:07:35Z,39.0,,Pytorch,No,Yes,Bad Performance (lower accuracy),Training,Major replication,Replicator,Algorithm/method,Low frequency type,Evolutionary defects
294,https://github.com/ultralytics/yolov3/issues/310,ultralytics,yolov3,310,Solo Repository,No,2018-08-26T08:57:20Z,2019-05-31T15:02:17Z,278.0,['Stale'],Pytorch,Yes,Yes,Bad Performance (lower accuracy),Training,"User ""fork""",Re-user,Algorithm/method,Low frequency type,Reproducibility defects
295,https://github.com/ultralytics/yolov3/issues/310,ultralytics,yolov3,310,Solo Repository,No,2018-08-26T08:57:20Z,2019-05-31T15:02:17Z,278.0,['Stale'],Pytorch,Yes,Yes,Bad Performance (lower accuracy),Training,"User ""fork""",Re-user,Timing/optimization,Hyperparameters,Reproducibility defects
296,https://github.com/ultralytics/yolov3/issues/412,ultralytics,yolov3,412,Solo Repository,No,2018-08-26T08:57:20Z,2019-08-01T14:09:54Z,340.0,['bug'],Pytorch,No,Not mentioned,Incorrect Functionality,Environment,"User ""fork""",Re-user,External interface,Wrong Environment Configuration,Basic defects
297,https://github.com/ultralytics/yolov3/issues/650,ultralytics,yolov3,650,Solo Repository,No,2018-08-26T08:57:20Z,2019-11-23T17:16:54Z,454.0,['bug'],Pytorch,Yes,No,Crash,Modeling,"User ""fork""",Adaptor,Assignment/initialization,Model/weight,Basic defects
298,https://github.com/ultralytics/yolov3/issues/650,ultralytics,yolov3,650,Solo Repository,No,2018-08-26T08:57:20Z,2019-11-23T17:16:54Z,454.0,['bug'],Pytorch,Yes,No,Crash,Training,Major replication,Enhancer,Non-functional defects,Insufficient/incorrect documentation,Basic defects
299,https://github.com/ultralytics/yolov3/issues/678,ultralytics,yolov3,678,Solo Repository,No,2018-08-26T08:57:20Z,2019-12-03T00:06:19Z,463.0,['bug'],Pytorch,Yes,No,Crash,Data pipeline,"User ""fork""",Adaptor,Assignment/initialization,Data preprocessing bugs,Basic defects
300,https://github.com/ultralytics/yolov3/issues/842,ultralytics,yolov3,842,Solo Repository,No,2018-08-26T08:57:20Z,2020-02-11T09:46:20Z,534.0,"stale, bug",Pytorch,Yes,Yes,Numerical Instability,Training,"User ""fork""",Re-user,Timing/optimization,Low frequency type,Reproducibility defects
301,https://github.com/ultralytics/yolov3/issues/95,ultralytics,yolov3,95,Solo Repository,No,2018-08-26T08:57:20Z,2019-02-18T08:36:24Z,175.0,,Pytorch,Not mentioned,No,Incorrect Functionality,Environment,"User ""fork""",Adaptor,External interface,API defects,Basic defects
302,https://github.com/ultralytics/yolov5/issues/1312,ultralytics,yolov5,1312,Solo Repository,Yes,2020-05-18T03:45:11Z,2020-11-06T11:19:41Z,172.0,"bug, question",Pytorch,Yes,No,Crash,Training,"User ""fork""",Enhancer,Assignment/initialization,Low frequency type,Basic defects
303,https://github.com/ultralytics/yolov5/issues/147,ultralytics,yolov5,147,Solo Repository,Yes,2020-05-18T03:45:11Z,2020-06-20T17:24:36Z,33.0,bug,Pytorch,Yes,No,Crash,Environment,"User ""fork""",Adaptor,Internal interface,GPU Usage Bug,Basic defects
304,https://github.com/ultralytics/yolov5/issues/1605,ultralytics,yolov5,1605,Solo Repository,Yes,2020-05-18T03:45:11Z,2020-12-05T06:44:40Z,201.0,['question'],Pytorch,Yes,No,Crash,Modeling,"User ""fork""",Adaptor,Internal interface,Model/weight,Basic defects
305,https://github.com/ultralytics/yolov5/issues/22,ultralytics,yolov5,22,Solo Repository,Yes,2020-05-18T03:45:11Z,2020-06-07T12:08:11Z,20.0,bug,Pytorch,No,No,Crash,Modeling,"User ""fork""",Adaptor,Internal interface,Model/weight,Basic defects
306,https://github.com/ultralytics/yolov5/issues/222,ultralytics,yolov5,222,Solo Repository,Yes,2020-05-18T03:45:11Z,2020-06-28T15:10:37Z,41.0,['bug'],Pytorch,No,No,Crash,Modeling,"User ""fork""",Re-user,External interface,Model/weight,Basic defects
307,https://github.com/ultralytics/yolov5/issues/264,ultralytics,yolov5,264,Solo Repository,Yes,2020-05-18T03:45:11Z,2020-07-02T03:48:06Z,45.0,['enhancement'],Pytorch,No,Yes,Bad Performance (lower speed),Training,Major replication,Enhancer,Timing/optimization,GPU Usage Bug,Evolutionary defects
308,https://github.com/ultralytics/yolov5/issues/264,ultralytics,yolov5,264,Solo Repository,Yes,2020-05-18T03:45:11Z,2020-07-02T03:48:06Z,45.0,['enhancement'],Pytorch,No,Yes,Bad Performance (lower accuracy),Modeling,Major replication,Enhancer,Timing/optimization,Low frequency type,Evolutionary defects
309,https://github.com/ultralytics/yolov5/issues/279,ultralytics,yolov5,279,Solo Repository,Yes,2020-05-18T03:45:11Z,2020-07-03T08:42:24Z,46.0,['bug'],Pytorch,Yes,Not mentioned,Crash,Environment,"User ""fork""",Re-user,Internal interface,GPU Usage Bug,Basic defects
310,https://github.com/ultralytics/yolov5/issues/292,ultralytics,yolov5,292,Solo Repository,Yes,2020-05-18T03:45:11Z,2020-07-04T04:54:21Z,47.0,['bug'],Pytorch,Yes,Not mentioned,Incorrect Functionality,Training,"User ""fork""",Re-user,Algorithm/method,Hyperparameters,Reproducibility defects
311,https://github.com/ultralytics/yolov5/issues/312,ultralytics,yolov5,312,Solo Repository,Yes,2020-05-18T03:45:11Z,2020-07-06T15:13:11Z,49.0,['Stale'],Pytorch,Yes,Yes,Incorrect Functionality,Training,"User ""fork""",Re-user,Assignment/initialization,Low frequency type,Reproducibility defects
312,https://github.com/ultralytics/yolov5/issues/324,ultralytics,yolov5,324,Solo Repository,Yes,2020-05-18T03:45:11Z,2020-07-08T09:41:58Z,51.0,"bug, question",Pytorch,Yes,No,Incorrect Functionality,Data pipeline,Research Prototype,Adaptor,Data structure,Data preprocessing bugs,Evolutionary defects
313,https://github.com/ultralytics/yolov5/issues/343,ultralytics,yolov5,343,Solo Repository,Yes,2020-05-18T03:45:11Z,2020-07-10T03:15:34Z,52.0,['question'],Pytorch,Yes,Yes,Bad Performance (lower speed),Training,"User ""fork""",Re-user,Timing/optimization,Low frequency type,Reproducibility defects
314,https://github.com/ultralytics/yolov5/issues/41,ultralytics,yolov5,41,Solo Repository,Yes,2020-05-18T03:45:11Z,2020-06-12T06:40:33Z,25.0,"stale, bug",Pytorch,Yes,Not mentioned,Crash,Environment,"User ""fork""",Re-user,External interface,GPU Usage Bug,Basic defects
315,https://github.com/ultralytics/yolov5/issues/444,ultralytics,yolov5,444,Solo Repository,Yes,2020-05-18T03:45:11Z,2020-07-19T02:50:47Z,61.0,,Pytorch,Yes,Yes,Crash,Environment,"User ""fork""",Re-user,Memory exhaustion,GPU Usage Bug,Basic defects
316,https://github.com/ultralytics/yolov5/issues/447,ultralytics,yolov5,447,Solo Repository,Yes,2020-05-18T03:45:11Z,2020-07-19T13:44:44Z,62.0,bug,Pytorch,Yes,Not mentioned,Incorrect Functionality,Training,Research Prototype,Enhancer,Assignment/initialization,Training configurations,Evolutionary defects
317,https://github.com/ultralytics/yolov5/issues/459,ultralytics,yolov5,459,Solo Repository,Yes,2020-05-18T03:45:11Z,2020-07-21T02:39:48Z,63.0,['bug'],Pytorch,No,No,Incorrect Functionality,Modeling,Research Prototype,Enhancer,Algorithm/method,Model/weight,Evolutionary defects
318,https://github.com/ultralytics/yolov5/issues/58,ultralytics,yolov5,58,Solo Repository,Yes,2020-05-18T03:45:11Z,2020-06-14T14:26:01Z,27.0,"stale, bug",Pytorch,Yes,Not mentioned,Crash,Environment,"User ""fork""",Re-user,Internal interface,API defects,Basic defects
319,https://github.com/ultralytics/yolov5/issues/6,ultralytics,yolov5,6,Solo Repository,Yes,2020-05-18T03:45:11Z,2020-06-01T12:42:09Z,14.0,['Stale'],Pytorch,Yes,Yes,Bad Performance (lower accuracy),Training,"User ""fork""",Re-user,Internal interface,Wrong Environment Configuration,Reproducibility defects
320,https://github.com/ultralytics/yolov5/issues/6,ultralytics,yolov5,6,Solo Repository,Yes,2020-05-18T03:45:11Z,2020-06-01T12:42:09Z,14.0,['Stale'],Pytorch,Yes,Yes,Bad Performance (lower accuracy),Data pipeline,"User ""fork""",Re-user,Internal interface,Low frequency type,Reproducibility defects
321,https://github.com/ultralytics/yolov5/issues/773,ultralytics,yolov5,773,Solo Repository,Yes,2020-05-18T03:45:11Z,2020-08-18T09:09:27Z,92.0,['bug'],Pytorch,Not mentioned,Not mentioned,Crash,Environment,"User ""fork""",Re-user,External interface,API defects,Basic defects
322,https://github.com/ultralytics/yolov5/issues/854,ultralytics,yolov5,854,Solo Repository,Yes,2020-05-18T03:45:11Z,2020-08-27T06:22:38Z,101.0,['question'],Pytorch,Yes,No,Bad Performance (lower speed),Environment,"User ""fork""",Enhancer,Internal interface,Wrong Environment Configuration,Evolutionary defects
323,https://github.com/xingyizhou/CenterNet/issues/172,xingyizhou,CenterNet,172,Solo Repository,Yes,2019-04-16T18:39:13Z,2019-06-27T09:18:22Z,71.0,,pytorch,Yes,Yes,Crash,Environment,"User ""fork""",Re-user,External interface,API defects,Basic defects
324,https://github.com/xingyizhou/CenterNet/issues/256,xingyizhou,CenterNet,256,Solo Repository,Yes,2019-04-16T18:39:13Z,2019-08-07T09:11:22Z,112.0,,pytorch,yes,yes,Bad Performance (lower accuracy),Training,"User ""fork""",Re-user,Other,Low frequency type,Reproducibility defects
325,https://github.com/xingyizhou/CenterNet/issues/28,xingyizhou,CenterNet,28,Solo Repository,Yes,2019-04-16T18:39:13Z,2019-04-24T14:38:34Z,7.0,,pytorch,yes,no,Crash,Data pipeline,"User ""fork""",Adaptor,Data structure,Data preprocessing bugs,Basic defects
326,https://github.com/xingyizhou/CenterNet/issues/284,xingyizhou,CenterNet,284,Solo Repository,Yes,2019-04-16T18:39:13Z,2019-08-21T01:45:32Z,126.0,,pytorch,Yes,Yes,Bad Performance (lower speed),Environment,Research Prototype,Enhancer,External interface,API defects,Evolutionary defects
327,https://github.com/xingyizhou/CenterNet/issues/29,xingyizhou,CenterNet,29,Solo Repository,Yes,2019-04-16T18:39:13Z,2019-04-24T19:47:00Z,8.0,,pytorch,yes,yes,Crash,Environment,"User ""fork""",Re-user,External interface,Wrong Environment Configuration,Basic defects
328,https://github.com/xingyizhou/CenterNet/issues/3,xingyizhou,CenterNet,3,Solo Repository,Yes,2019-04-16T18:39:13Z,2019-04-18T02:33:19Z,1.0,,pytorch,Yes,Yes,Crash,Environment,"User ""fork""",Re-user,External interface,API defects,Basic defects
329,https://github.com/xingyizhou/CenterNet/issues/394,xingyizhou,CenterNet,394,Solo Repository,Yes,2019-04-16T18:39:13Z,2019-10-09T02:40:01Z,175.0,,pytorch,Yes,Yes,Bad Performance (lower accuracy),Training,Research Prototype,Enhancer,algorithm/method,Low frequency type,Evolutionary defects
330,https://github.com/xingyizhou/CenterNet/issues/440,xingyizhou,CenterNet,440,Solo Repository,Yes,2019-04-16T18:39:13Z,2019-10-31T03:49:04Z,197.0,,pytorch,Not mentioned,Not mentioned,Incorrect functionality,Environment,Research Prototype,Enhancer,Internal interface,Low frequency type,Basic defects
331,https://github.com/xingyizhou/CenterNet/issues/461,xingyizhou,CenterNet,461,Solo Repository,Yes,2019-04-16T18:39:13Z,2019-11-11T05:13:52Z,208.0,,pytorch,Yes,Yes,Crash,Environment,"User ""fork""",Enhancer,External interface,Wrong Environment Configuration,Evolutionary defects
332,https://github.com/xingyizhou/CenterNet/issues/499,xingyizhou,CenterNet,499,Solo Repository,Yes,2019-04-16T18:39:13Z,2019-12-02T02:53:07Z,229.0,,Pytorch,Yes,Yes,Bad Performance (lower accuracy),Training,"User ""fork""",Re-user,Assignment/initialization,Hyperparameters,Reproducibility defects
333,https://github.com/xingyizhou/CenterNet/issues/530,xingyizhou,CenterNet,530,Solo Repository,Yes,2019-04-16T18:39:13Z,2019-12-18T02:40:03Z,245.0,,pytorch,no,no,Incorrect functionality,Modeling,"User ""fork""",Enhancer,External interface,Network Structure,Evolutionary defects
334,https://github.com/xingyizhou/CenterNet/issues/77,xingyizhou,CenterNet,77,Solo Repository,Yes,2019-04-16T18:39:13Z,2019-05-16T12:12:02Z,29.0,,pytorch,Yes,Yes,Crash,Modeling,"User ""fork""",Enhancer,Data structure,Model/weight,Evolutionary defects
335,https://github.com/yhenon/pytorch-retinanet/issues/66,yhenon,pytorch-retinanet,66,Solo Repository,No,2018-04-25T00:15:22Z,2019-03-02T08:54:42Z,311.0,,Pytorch,yes,Yes,Crash,Environment,Major replication,Re-user,External interface,API defects,Basic defects
336,https://github.com/yhenon/pytorch-retinanet/issues/7,yhenon,pytorch-retinanet,7,Solo Repository,Yes,2018-04-25T00:15:22Z,2018-07-14T14:47:00Z,80.0,,Pytorch,Yes,Yes,Crash,Environment,"User ""fork""",Re-user,Non-functional defects,Wrong Environment Configuration,Basic defects
337,https://github.com/YunYang1994/tensorflow-yolov3/issues/16,YunYang1994,tensorflow-yolov3,16,Solo Repository,No,2018-11-23T06:26:37Z,2018-12-21T11:33:47Z,28.0,Bug,TensorFlow,Yes,Yes,Bad Performance (lower accuracy),Training,Major replication,Re-user,Algorithm/method,Low frequency type,Reproducibility defects
338,https://github.com/YunYang1994/tensorflow-yolov3/issues/16,YunYang1994,tensorflow-yolov3,16,Solo Repository,No,2018-11-23T06:26:37Z,2018-12-21T11:33:47Z,28.0,Bug,TensorFlow,Yes,Yes,Bad Performance (lower accuracy),Data pipeline,Major replication,Re-user,Algorithm/method,Data preprocessing bugs,Reproducibility defects
339,https://github.com/YunYang1994/tensorflow-yolov3/issues/470,YunYang1994,tensorflow-yolov3,470,Solo Repository,No,2018-11-23T06:26:37Z,2020-01-16T10:17:32Z,419.0,,TensorFlow,Yes,Yes,Incorrect Functionality,Training,"User ""fork""",Re-user,Non-functional defects,Model/weight,Evolutionary defects
340,https://github.com/YunYang1994/tensorflow-yolov3/issues/502,YunYang1994,tensorflow-yolov3,502,Solo Repository,No,2018-11-23T06:26:37Z,2020-03-24T06:11:07Z,486.0,Bug,TensorFlow,Yes,No,Crash,Data pipeline,"User ""fork""",Adaptor,Algorithm/method,Training Data Quality,Basic defects
341,https://github.com/CharlesShang/FastMaskRCNN/issues/47,CharlesShang,FastMaskRCNN,47,Solo Repository,No,2017-03-25T15:33:21Z,2017-05-15T03:24:31Z,50.0,,Pytorch,Yes,Yes,Numerical Instability,Training,Major replication,Replicator,Algorithm/method,Loss function,Reproducibility defects
342,https://github.com/TuSimple/mx-maskrcnn/issues/8,TuSimple,mx-maskrcnn,8,Solo Repository,No,2017-10-24T06:32:28Z,2017-10-27T03:05:21Z,2.0,,MXNet,Yes,Yes,Crash,Environment,"User ""fork""",Re-user,External interface,API defects,Basic defects
343,https://github.com/TuSimple/mx-maskrcnn/issues/39,TuSimple,mx-maskrcnn,39,Solo Repository,No,2017-10-24T06:32:28Z,2017-11-03T13:53:55Z,10.0,,MXNet,Yes,Yes,Crash,Environment,"User ""fork""",Re-user,External interface,API defects,Basic defects
344,https://github.com/TuSimple/mx-maskrcnn/issues/59,TuSimple,mx-maskrcnn,59,Solo Repository,No,2017-10-24T06:32:28Z,2017-11-10T15:32:40Z,17.0,,MXNet,Yes,Yes,Bad Performance (lower accuracy),Training,Major replication,Replicator,Assignment/initialization,Training configurations,Reproducibility defects
345,https://github.com/TuSimple/mx-maskrcnn/issues/15,TuSimple,mx-maskrcnn,15,Solo Repository,No,2017-10-24T06:32:28Z,2017-10-27T09:33:58Z,3.0,,MXNet,Yes,Yes,Crash,Environment,"User ""fork""",Re-user,External interface,API defects,Basic defects
346,https://github.com/TuSimple/mx-maskrcnn/issues/57,TuSimple,mx-maskrcnn,57,Solo Repository,No,2017-10-24T06:32:28Z,2017-11-09T14:57:49Z,16.0,,MXNet,Yes,No,Numerical Instability,Training,"User ""fork""",Adaptor,External interface,Wrong Environment Configuration,Basic defects
347,https://github.com/TuSimple/mx-maskrcnn/issues/19,TuSimple,mx-maskrcnn,19,Solo Repository,No,2017-10-24T06:32:28Z,2017-10-29T13:09:24Z,5.0,,MXNet,Yes,No,Numerical Instability,Training,"User ""fork""",Adaptor,External interface,API defects,Evolutionary defects
